Longitude (x),Latitude (y),Station Name,Climate ID,Date/Time,Year,Month,Mean Max Temp (°C),Mean Min Temp (°C),Mean Temp (°C),Extr Max Temp (°C),Extr Min Temp (°C),Total Rain (mm),Total Snow (cm),Total Precip (mm),Snow Grnd Last Day (cm),Dir of Max Gust (10's deg),Spd of Max Gust (km/h)
-52.74,47.62,ST JOHN'S A,8403506,1942-01-01,1942,1,0.1,-8.4,-4.2,8.3,-16.1,197.9,25.7,223.5,,,
-52.74,47.62,ST JOHN'S A,8403506,1942-02-01,1942,2,-0.7,-5.8,-3.3,3.9,-15.0,66.5,117.1,183.6,,,
-52.74,47.62,ST JOHN'S A,8403506,1942-03-01,1942,3,1.6,-3.5,-1.0,6.7,-11.7,48.5,24.6,73.2,,,
-52.74,47.62,ST JOHN'S A,8403506,1942-04-01,1942,4,4.5,-2.4,1.1,21.7,-13.9,106.4,11.7,118.1,,,
-52.74,47.62,ST JOHN'S A,8403506,1942-05-01,1942,5,11.8,1.7,6.8,23.3,-1.1,73.7,0.0,73.7,,,
-52.74,47.62,ST JOHN'S A,8403506,1942-06-01,1942,6,13.9,4.3,9.1,23.3,-0.6,83.3,0.0,83.3,,,
-52.74,47.62,ST JOHN'S A,8403506,1942-07-01,1942,7,20.2,11.7,16.0,25.6,6.7,94.7,0.0,94.7,,,
-52.74,47.62,ST JOHN'S A,8403506,1942-08-01,1942,8,20.8,11.6,16.2,25.6,5.0,22.6,0.0,22.6,,,
-52.74,47.62,ST JOHN'S A,8403506,1942-09-01,1942,9,17.8,9.4,13.6,25.6,4.4,30.2,0.0,30.2,,,
-52.74,47.62,ST JOHN'S A,8403506,1942-10-01,1942,10,12.4,4.2,8.3,17.2,-1.7,226.6,0.0,226.6,,,
-52.74,47.62,ST JOHN'S A,8403506,1942-11-01,1942,11,6.4,-0.6,2.9,18.3,-8.3,139.7,0.0,139.7,,,
-52.74,47.62,ST JOHN'S A,8403506,1942-12-01,1942,12,-1.1,-7.7,-4.4,10.6,-17.2,117.3,78.5,195.8,,,
-52.74,47.62,ST JOHN'S A,8403506,1943-01-01,1943,1,-3.9,-9.7,-6.8,3.3,-17.8,18.0,58.9,77.0,,,
-52.74,47.62,ST JOHN'S A,8403506,1943-02-01,1943,2,0.7,-7.3,-3.3,10.6,-16.1,67.6,136.4,204.0,,,
-52.74,47.62,ST JOHN'S A,8403506,1943-03-01,1943,3,0.6,-6.3,-2.9,9.4,-15.6,80.0,139.2,219.2,,,
-52.74,47.62,ST JOHN'S A,8403506,1943-04-01,1943,4,4.7,-1.5,1.6,15.0,-6.7,108.7,27.2,135.9,,,
-52.74,47.62,ST JOHN'S A,8403506,1943-05-01,1943,5,8.1,0.8,4.5,15.0,-2.8,107.7,0.0,107.7,,,
-52.74,47.62,ST JOHN'S A,8403506,1943-06-01,1943,6,11.5,4.0,7.8,16.7,0.6,102.1,0.0,102.1,,,
-52.74,47.62,ST JOHN'S A,8403506,1943-07-01,1943,7,18.6,9.7,14.2,26.7,2.8,74.4,0.0,74.4,,,
-52.74,47.62,ST JOHN'S A,8403506,1943-08-01,1943,8,16.7,10.1,13.4,27.2,5.0,166.4,0.0,166.4,,,
-52.74,47.62,ST JOHN'S A,8403506,1943-09-01,1943,9,18.4,10.4,14.4,26.1,2.8,184.7,0.0,184.7,,,
-52.74,47.62,ST JOHN'S A,8403506,1943-10-01,1943,10,12.3,5.4,8.9,21.7,-1.1,126.5,1.8,128.3,,,
-52.74,47.62,ST JOHN'S A,8403506,1943-11-01,1943,11,7.1,1.3,4.2,13.9,-3.9,184.9,1.0,185.9,,,
-52.74,47.62,ST JOHN'S A,8403506,1943-12-01,1943,12,0.8,-5.1,-2.2,10.0,-12.2,161.5,57.7,219.2,,,
-52.74,47.62,ST JOHN'S A,8403506,1944-01-01,1944,1,-1.6,-6.8,-4.2,7.2,-16.1,18.5,124.2,142.7,,,
-52.74,47.62,ST JOHN'S A,8403506,1944-02-01,1944,2,-1.3,-9.1,-5.2,5.6,-20.0,95.3,120.7,215.9,,,
-52.74,47.62,ST JOHN'S A,8403506,1944-03-01,1944,3,-0.4,-7.1,-3.8,9.4,-14.4,110.2,83.6,193.8,,,
-52.74,47.62,ST JOHN'S A,8403506,1944-04-01,1944,4,2.8,-2.9,-0.1,8.3,-6.1,103.1,80.0,183.1,,,
-52.74,47.62,ST JOHN'S A,8403506,1944-05-01,1944,5,10.7,0.0,5.4,20.6,-5.6,73.4,0.8,74.2,,,
-52.74,47.62,ST JOHN'S A,8403506,1944-06-01,1944,6,16.0,6.4,11.2,29.4,0.0,193.3,0.0,193.3,,,
-52.74,47.62,ST JOHN'S A,8403506,1944-07-01,1944,7,17.7,7.6,12.7,28.3,3.9,147.1,0.0,147.1,,,
-52.74,47.62,ST JOHN'S A,8403506,1944-08-01,1944,8,20.3,12.7,16.5,30.0,7.8,136.1,0.0,136.1,,,
-52.74,47.62,ST JOHN'S A,8403506,1944-09-01,1944,9,15.9,10.2,13.1,21.7,3.9,99.8,0.0,99.8,,,
-52.74,47.62,ST JOHN'S A,8403506,1944-10-01,1944,10,11.4,4.3,7.9,19.4,-0.6,113.3,0.0,113.3,,,
-52.74,47.62,ST JOHN'S A,8403506,1944-11-01,1944,11,6.2,1.9,4.1,15.6,-2.8,207.0,6.4,213.4,,,
-52.74,47.62,ST JOHN'S A,8403506,1944-12-01,1944,12,2.9,-3.4,-0.3,13.9,-11.1,202.4,28.7,231.1,,,
-52.74,47.62,ST JOHN'S A,8403506,1945-01-01,1945,1,0.9,-3.9,-1.5,8.9,-13.3,118.4,53.1,171.5,,,
-52.74,47.62,ST JOHN'S A,8403506,1945-02-01,1945,2,-2.7,-8.9,-5.8,7.2,-16.7,32.8,92.2,125.0,,,
-52.74,47.62,ST JOHN'S A,8403506,1945-03-01,1945,3,0.1,-7.6,-3.8,6.7,-14.4,14.0,37.1,51.1,,,
-52.74,47.62,ST JOHN'S A,8403506,1945-04-01,1945,4,4.9,-2.4,1.3,13.9,-7.8,74.4,4.8,79.2,,,
-52.74,47.62,ST JOHN'S A,8403506,1945-05-01,1945,5,8.1,1.3,4.7,17.8,-3.3,183.4,9.9,193.3,,,
-52.74,47.62,ST JOHN'S A,8403506,1945-06-01,1945,6,13.3,4.8,9.1,23.3,0.0,163.1,0.0,163.1,,,
-52.74,47.62,ST JOHN'S A,8403506,1945-07-01,1945,7,21.1,10.4,15.8,28.3,1.7,90.2,0.0,90.2,,,
-52.74,47.62,ST JOHN'S A,8403506,1945-08-01,1945,8,20.4,12.3,16.4,25.0,6.1,90.7,0.0,90.7,,,
-52.74,47.62,ST JOHN'S A,8403506,1945-09-01,1945,9,15.8,8.2,12.0,23.9,1.1,120.7,0.0,120.7,,,
-52.74,47.62,ST JOHN'S A,8403506,1945-10-01,1945,10,10.9,4.1,7.5,18.9,-1.1,143.5,0.5,144.0,,,
-52.74,47.62,ST JOHN'S A,8403506,1945-11-01,1945,11,5.9,-0.7,2.6,18.9,-8.9,99.8,22.4,122.2,,,
-52.74,47.62,ST JOHN'S A,8403506,1945-12-01,1945,12,-0.1,-5.3,-2.7,8.9,-13.3,75.4,113.3,188.7,,,
-52.74,47.62,ST JOHN'S A,8403506,1946-01-01,1946,1,-1.9,-9.5,-5.7,6.7,-17.8,25.9,152.4,178.3,,,
-52.74,47.62,ST JOHN'S A,8403506,1946-02-01,1946,2,-0.4,-8.2,-4.3,7.2,-13.9,98.3,91.7,190.0,,,
-52.74,47.62,ST JOHN'S A,8403506,1946-03-01,1946,3,1.5,-4.7,-1.6,8.3,-10.6,24.6,33.5,58.2,,,
-52.74,47.62,ST JOHN'S A,8403506,1946-04-01,1946,4,4.6,-1.4,1.6,16.7,-13.9,49.3,14.2,63.5,,,
-52.74,47.62,ST JOHN'S A,8403506,1946-05-01,1946,5,11.7,1.8,6.8,20.0,-2.8,29.0,0.8,29.7,,,
-52.74,47.62,ST JOHN'S A,8403506,1946-06-01,1946,6,15.5,5.3,10.4,25.0,-0.6,26.2,0.0,26.2,,,
-52.74,47.62,ST JOHN'S A,8403506,1946-07-01,1946,7,19.9,9.9,14.9,27.2,5.0,188.5,0.0,188.5,,,
-52.74,47.62,ST JOHN'S A,8403506,1946-08-01,1946,8,21.7,12.7,17.2,26.7,7.2,119.6,0.0,119.6,,,
-52.74,47.62,ST JOHN'S A,8403506,1946-09-01,1946,9,17.6,9.6,13.6,22.8,3.9,79.8,0.0,79.8,,,
-52.74,47.62,ST JOHN'S A,8403506,1946-10-01,1946,10,11.3,2.7,7.0,21.1,-5.6,131.1,2.5,133.6,,,
-52.74,47.62,ST JOHN'S A,8403506,1946-11-01,1946,11,5.1,-1.4,1.9,16.1,-8.3,197.9,30.5,228.3,,,
-52.74,47.62,ST JOHN'S A,8403506,1946-12-01,1946,12,1.8,-6.1,-2.2,12.8,-13.3,165.6,50.5,216.2,,,
-52.74,47.62,ST JOHN'S A,8403506,1947-01-01,1947,1,-1.8,-10.2,-6.0,9.4,-20.0,11.4,59.9,71.4,3.0,,
-52.74,47.62,ST JOHN'S A,8403506,1947-02-01,1947,2,-0.2,-4.9,-2.6,2.8,-13.3,68.1,52.8,120.9,13.0,,
-52.74,47.62,ST JOHN'S A,8403506,1947-03-01,1947,3,1.1,-4.2,-1.6,6.7,-11.7,86.9,72.6,157.0,10.0,,
-52.74,47.62,ST JOHN'S A,8403506,1947-04-01,1947,4,2.4,-4.9,-1.3,8.3,-8.3,26.2,25.9,52.1,0.0,,
-52.74,47.62,ST JOHN'S A,8403506,1947-05-01,1947,5,11.7,1.1,6.4,20.0,-5.0,47.5,3.6,51.1,0.0,,
-52.74,47.62,ST JOHN'S A,8403506,1947-06-01,1947,6,14.9,3.9,9.4,29.4,-2.2,97.0,0.0,97.0,0.0,,
-52.74,47.62,ST JOHN'S A,8403506,1947-07-01,1947,7,23.7,12.9,18.3,29.4,3.3,83.6,0.0,83.6,0.0,,
-52.74,47.62,ST JOHN'S A,8403506,1947-08-01,1947,8,18.9,9.6,14.3,28.3,5.0,124.2,0.0,124.2,0.0,,
-52.74,47.62,ST JOHN'S A,8403506,1947-09-01,1947,9,16.2,6.9,11.6,24.4,0.6,139.2,0.0,139.2,0.0,,
-52.74,47.62,ST JOHN'S A,8403506,1947-10-01,1947,10,10.3,3.1,6.7,18.3,-1.1,79.0,0.0,79.0,0.0,,
-52.74,47.62,ST JOHN'S A,8403506,1947-11-01,1947,11,3.8,0.2,2.0,12.8,-4.4,84.6,12.7,97.3,0.0,,
-52.74,47.62,ST JOHN'S A,8403506,1947-12-01,1947,12,-0.3,-5.2,-2.8,3.9,-10.0,24.4,89.9,114.3,28.0,,
-52.74,47.62,ST JOHN'S A,8403506,1948-01-01,1948,1,-0.5,-6.9,-3.7,10.0,-15.0,35.3,52.3,87.6,0.0,,
-52.74,47.62,ST JOHN'S A,8403506,1948-02-01,1948,2,-3.5,-12.1,-7.8,8.9,-19.4,29.0,91.9,120.9,0.0,,
-52.74,47.62,ST JOHN'S A,8403506,1948-03-01,1948,3,-2.2,-10.2,-6.2,8.3,-20.6,15.2,43.9,59.2,0.0,,
-52.74,47.62,ST JOHN'S A,8403506,1948-04-01,1948,4,4.3,-3.2,0.6,14.4,-8.3,92.5,37.8,130.3,0.0,,
-52.74,47.62,ST JOHN'S A,8403506,1948-05-01,1948,5,10.4,1.9,6.2,23.9,-2.8,97.3,2.3,99.6,0.0,,
-52.74,47.62,ST JOHN'S A,8403506,1948-06-01,1948,6,14.6,5.1,9.9,23.3,0.6,161.3,0.0,161.3,0.0,,
-52.74,47.62,ST JOHN'S A,8403506,1948-07-01,1948,7,18.5,9.9,14.2,27.8,3.3,156.0,0.0,156.0,0.0,,
-52.74,47.62,ST JOHN'S A,8403506,1948-08-01,1948,8,19.7,11.4,15.6,25.0,6.7,69.3,0.0,69.3,0.0,,
-52.74,47.62,ST JOHN'S A,8403506,1948-09-01,1948,9,14.8,7.2,11.0,27.8,0.0,271.3,0.0,271.3,0.0,,
-52.74,47.62,ST JOHN'S A,8403506,1948-10-01,1948,10,9.9,4.0,7.0,17.8,-2.2,178.3,0.0,178.3,0.0,,
-52.74,47.62,ST JOHN'S A,8403506,1948-11-01,1948,11,5.1,-0.4,2.4,16.7,-5.6,51.1,8.4,59.4,0.0,,
-52.74,47.62,ST JOHN'S A,8403506,1948-12-01,1948,12,-0.1,-5.2,-2.7,5.0,-15.6,38.1,82.0,120.1,30.0,,
-52.74,47.62,ST JOHN'S A,8403506,1949-01-01,1949,1,-1.4,-8.1,-4.8,11.7,-18.3,41.4,93.7,135.1,23.0,,
-52.74,47.62,ST JOHN'S A,8403506,1949-02-01,1949,2,-3.3,-10.9,-7.1,4.4,-18.9,29.0,144.8,173.7,38.0,,
-52.74,47.62,ST JOHN'S A,8403506,1949-03-01,1949,3,3.4,-2.5,0.5,11.1,-9.4,93.7,53.8,147.6,3.0,,
-52.74,47.62,ST JOHN'S A,8403506,1949-04-01,1949,4,5.2,-1.4,1.9,13.9,-6.1,61.0,13.2,74.2,0.0,,
-52.74,47.62,ST JOHN'S A,8403506,1949-05-01,1949,5,11.8,1.0,6.4,21.1,-2.8,84.1,2.3,86.4,0.0,,
-52.74,47.62,ST JOHN'S A,8403506,1949-06-01,1949,6,15.5,5.1,10.3,28.3,-0.6,47.8,0.0,47.8,0.0,,
-52.74,47.62,ST JOHN'S A,8403506,1949-07-01,1949,7,19.7,9.5,14.6,27.8,4.4,63.5,0.0,63.5,0.0,,
-52.74,47.62,ST JOHN'S A,8403506,1949-08-01,1949,8,18.0,9.4,13.7,26.7,3.9,101.3,0.0,101.3,0.0,,
-52.74,47.62,ST JOHN'S A,8403506,1949-09-01,1949,9,15.9,8.3,12.1,25.6,1.7,127.0,0.0,127.0,0.0,,
-52.74,47.62,ST JOHN'S A,8403506,1949-10-01,1949,10,10.6,2.5,6.6,18.3,-5.0,68.3,1.3,69.6,0.0,,
-52.74,47.62,ST JOHN'S A,8403506,1949-11-01,1949,11,7.9,0.2,4.1,18.3,-4.4,133.9,36.6,170.4,0.0,,
-52.74,47.62,ST JOHN'S A,8403506,1949-12-01,1949,12,2.7,-3.7,-0.5,12.8,-11.1,60.7,64.0,124.7,0.0,,
-52.74,47.62,ST JOHN'S A,8403506,1950-01-01,1950,1,-1.8,-10.3,-6.1,8.3,-17.2,29.7,40.9,70.6,0.0,,
-52.74,47.62,ST JOHN'S A,8403506,1950-02-01,1950,2,-3.9,-11.3,-7.6,5.0,-23.3,28.2,109.7,137.9,33.0,,
-52.74,47.62,ST JOHN'S A,8403506,1950-03-01,1950,3,-0.7,-8.5,-4.6,11.7,-16.7,53.6,68.6,122.2,3.0,,
-52.74,47.62,ST JOHN'S A,8403506,1950-04-01,1950,4,5.3,-1.8,1.8,12.8,-5.6,76.5,62.2,138.7,0.0,,
-52.74,47.62,ST JOHN'S A,8403506,1950-05-01,1950,5,7.9,0.3,4.1,16.1,-4.4,57.9,15.2,73.2,0.0,,
-52.74,47.62,ST JOHN'S A,8403506,1950-06-01,1950,6,17.3,6.2,11.8,25.0,-1.1,41.9,0.0,41.9,0.0,,
-52.74,47.62,ST JOHN'S A,8403506,1950-07-01,1950,7,19.4,10.1,14.8,26.7,4.4,45.7,0.0,45.7,0.0,,
-52.74,47.62,ST JOHN'S A,8403506,1950-08-01,1950,8,20.4,11.1,15.8,25.6,5.6,60.2,0.0,60.2,0.0,,
-52.74,47.62,ST JOHN'S A,8403506,1950-09-01,1950,9,14.9,6.1,10.5,20.0,-1.1,53.3,0.0,53.3,0.0,,
-52.74,47.62,ST JOHN'S A,8403506,1950-10-01,1950,10,10.3,2.7,6.5,20.0,-2.8,216.7,0.8,217.4,0.0,,
-52.74,47.62,ST JOHN'S A,8403506,1950-11-01,1950,11,7.1,0.3,3.7,19.4,-5.0,37.1,3.6,40.6,0.0,,
-52.74,47.62,ST JOHN'S A,8403506,1950-12-01,1950,12,4.7,-1.9,1.4,12.2,-10.0,99.6,32.0,131.6,0.0,,
-52.74,47.62,ST JOHN'S A,8403506,1951-01-01,1951,1,2.5,-5.5,-1.5,13.3,-20.6,103.1,64.0,167.1,8.0,,
-52.74,47.62,ST JOHN'S A,8403506,1951-02-01,1951,2,2.1,-5.6,-1.8,12.8,-15.0,69.9,67.1,136.9,43.0,,
-52.74,47.62,ST JOHN'S A,8403506,1951-03-01,1951,3,1.6,-2.7,-0.6,13.9,-10.6,72.1,62.5,134.6,0.0,,
-52.74,47.62,ST JOHN'S A,8403506,1951-04-01,1951,4,7.0,1.1,4.1,12.8,-2.8,260.1,39.4,299.5,0.0,,
-52.74,47.62,ST JOHN'S A,8403506,1951-05-01,1951,5,12.8,1.6,7.2,24.4,-3.3,48.5,15.0,63.5,0.0,,
-52.74,47.62,ST JOHN'S A,8403506,1951-06-01,1951,6,14.0,5.6,9.8,20.0,-0.6,68.1,0.0,68.1,0.0,,
-52.74,47.62,ST JOHN'S A,8403506,1951-07-01,1951,7,22.2,11.8,17.0,27.8,7.2,64.5,0.0,64.5,0.0,,
-52.74,47.62,ST JOHN'S A,8403506,1951-08-01,1951,8,21.6,13.0,17.3,27.8,6.1,133.9,0.0,133.9,0.0,,
-52.74,47.62,ST JOHN'S A,8403506,1951-09-01,1951,9,16.5,8.6,12.6,23.3,3.3,101.1,0.0,101.1,0.0,,
-52.74,47.62,ST JOHN'S A,8403506,1951-10-01,1951,10,11.0,3.3,7.2,18.9,-1.1,127.8,1.5,129.3,0.0,,
-52.74,47.62,ST JOHN'S A,8403506,1951-11-01,1951,11,9.3,0.4,4.9,18.3,-10.0,221.5,3.6,225.0,0.0,,
-52.74,47.62,ST JOHN'S A,8403506,1951-12-01,1951,12,1.1,-6.4,-2.7,10.6,-14.4,168.9,126.0,294.9,0.0,,
-52.74,47.62,ST JOHN'S A,8403506,1952-01-01,1952,1,1.0,-5.8,-2.4,8.9,-15.0,127.3,82.0,209.3,10.0,,
-52.74,47.62,ST JOHN'S A,8403506,1952-02-01,1952,2,0.8,-5.6,-2.4,6.1,-12.8,154.9,79.0,233.9,15.0,,
-52.74,47.62,ST JOHN'S A,8403506,1952-03-01,1952,3,0.9,-3.3,-1.2,4.4,-8.9,77.5,65.8,143.3,,,
-52.74,47.62,ST JOHN'S A,8403506,1952-04-01,1952,4,6.4,-1.6,2.4,16.7,-5.0,42.2,6.4,48.5,0.0,,
-52.74,47.62,ST JOHN'S A,8403506,1952-05-01,1952,5,8.9,2.0,5.5,16.1,-1.1,116.6,0.0,116.6,0.0,,
-52.74,47.62,ST JOHN'S A,8403506,1952-06-01,1952,6,17.3,7.4,12.4,23.9,0.6,88.9,0.0,88.9,0.0,,
-52.74,47.62,ST JOHN'S A,8403506,1952-07-01,1952,7,22.1,10.3,16.2,28.9,1.1,18.5,0.0,18.5,0.0,,
-52.74,47.62,ST JOHN'S A,8403506,1952-08-01,1952,8,21.9,13.4,17.7,27.8,7.2,161.0,0.0,161.0,0.0,,
-52.74,47.62,ST JOHN'S A,8403506,1952-09-01,1952,9,15.8,7.9,11.9,22.8,2.8,142.5,0.0,142.5,0.0,,
-52.74,47.62,ST JOHN'S A,8403506,1952-10-01,1952,10,10.3,3.1,6.7,18.3,-2.8,94.0,1.0,95.0,0.0,,
-52.74,47.62,ST JOHN'S A,8403506,1952-11-01,1952,11,6.1,0.7,3.4,13.9,-4.4,172.5,18.3,190.8,0.0,,
-52.74,47.62,ST JOHN'S A,8403506,1952-12-01,1952,12,1.6,-3.1,-0.8,11.1,-11.7,82.3,32.3,114.6,,,
-52.74,47.62,ST JOHN'S A,8403506,1953-01-01,1953,1,1.3,-6.7,-2.7,12.8,-11.7,64.8,56.1,120.9,0.0,,
-52.74,47.62,ST JOHN'S A,8403506,1953-02-01,1953,2,0.9,-5.8,-2.5,9.4,-11.1,57.7,65.0,122.7,20.0,,
-52.74,47.62,ST JOHN'S A,8403506,1953-03-01,1953,3,0.7,-7.1,-3.2,10.0,-13.3,43.2,85.6,128.8,0.0,,
-52.74,47.62,ST JOHN'S A,8403506,1953-04-01,1953,4,6.7,0.9,3.8,11.7,-1.7,232.7,15.7,248.4,0.0,,
-52.74,47.62,ST JOHN'S A,8403506,1953-05-01,1953,5,8.8,0.9,4.9,18.3,-1.7,124.0,0.5,124.5,0.0,,
-52.74,47.62,ST JOHN'S A,8403506,1953-06-01,1953,6,17.2,7.2,12.2,23.3,0.0,74.9,0.0,74.9,0.0,,
-52.74,47.62,ST JOHN'S A,8403506,1953-07-01,1953,7,21.5,11.3,16.4,27.2,3.9,67.8,0.0,67.8,0.0,,
-52.74,47.62,ST JOHN'S A,8403506,1953-08-01,1953,8,18.6,9.8,14.2,23.9,3.3,91.9,0.0,91.9,0.0,,
-52.74,47.62,ST JOHN'S A,8403506,1953-09-01,1953,9,16.2,8.5,12.4,26.1,2.2,78.5,0.0,78.5,0.0,,
-52.74,47.62,ST JOHN'S A,8403506,1953-10-01,1953,10,11.2,2.9,7.1,18.9,-3.3,218.7,1.8,220.5,0.0,,
-52.74,47.62,ST JOHN'S A,8403506,1953-11-01,1953,11,6.7,1.0,3.9,17.8,-5.0,120.4,5.6,126.0,0.0,,
-52.74,47.62,ST JOHN'S A,8403506,1953-12-01,1953,12,3.4,-4.1,-0.4,12.2,-11.7,222.0,47.5,269.5,10.0,,
-52.74,47.62,ST JOHN'S A,8403506,1954-01-01,1954,1,-1.1,-8.6,-4.9,7.2,-16.1,114.3,90.9,205.2,33.0,,
-52.74,47.62,ST JOHN'S A,8403506,1954-02-01,1954,2,2.5,-4.5,-1.0,12.8,-15.0,58.2,40.6,98.8,0.0,,
-52.74,47.62,ST JOHN'S A,8403506,1954-03-01,1954,3,2.1,-4.4,-1.2,9.4,-11.7,115.3,84.6,199.9,3.0,,
-52.74,47.62,ST JOHN'S A,8403506,1954-04-01,1954,4,4.4,-3.8,0.3,16.1,-11.7,36.1,36.1,72.1,0.0,,
-52.74,47.62,ST JOHN'S A,8403506,1954-05-01,1954,5,10.7,1.8,6.3,23.9,-4.4,119.1,21.6,140.7,0.0,,
-52.74,47.62,ST JOHN'S A,8403506,1954-06-01,1954,6,16.4,6.8,11.6,26.1,-0.6,83.8,0.0,83.8,0.0,,
-52.74,47.62,ST JOHN'S A,8403506,1954-07-01,1954,7,20.5,11.9,16.2,26.7,8.9,84.6,0.0,84.6,0.0,,
-52.74,47.62,ST JOHN'S A,8403506,1954-08-01,1954,8,18.2,10.8,14.5,22.2,5.6,92.5,0.0,92.5,0.0,,
-52.74,47.62,ST JOHN'S A,8403506,1954-09-01,1954,9,15.2,7.6,11.4,23.3,2.2,76.2,0.0,76.2,0.0,,
-52.74,47.62,ST JOHN'S A,8403506,1954-10-01,1954,10,9.7,2.2,6.0,17.8,-3.9,103.1,5.6,108.7,0.0,,
-52.74,47.62,ST JOHN'S A,8403506,1954-11-01,1954,11,6.4,-0.3,3.1,17.2,-7.8,31.2,54.1,85.3,33.0,,
-52.74,47.62,ST JOHN'S A,8403506,1954-12-01,1954,12,3.8,-2.7,0.6,14.4,-11.1,102.6,87.1,189.7,48.0,,
-52.74,47.62,ST JOHN'S A,8403506,1955-01-01,1955,1,0.3,-3.1,-1.4,5.6,-13.3,179.1,85.6,264.7,69.0,,
-52.74,47.62,ST JOHN'S A,8403506,1955-02-01,1955,2,0.0,-6.7,-3.4,11.1,-16.1,76.7,75.4,152.1,5.0,,
-52.74,47.62,ST JOHN'S A,8403506,1955-03-01,1955,3,0.3,-5.3,-2.5,8.3,-14.4,58.9,103.1,162.1,25.0,,
-52.74,47.62,ST JOHN'S A,8403506,1955-04-01,1955,4,2.1,-4.2,-1.1,10.6,-10.6,41.7,150.1,191.8,0.0,,
-52.74,47.62,ST JOHN'S A,8403506,1955-05-01,1955,5,7.1,0.3,3.7,18.9,-3.9,161.5,6.9,168.4,0.0,,
-52.74,47.62,ST JOHN'S A,8403506,1955-06-01,1955,6,15.1,5.6,10.4,24.4,0.6,188.5,0.0,188.5,0.0,,
-52.74,47.62,ST JOHN'S A,8403506,1955-07-01,1955,7,19.7,9.7,14.7,26.7,1.1,88.6,0.0,88.6,0.0,,
-52.74,47.62,ST JOHN'S A,8403506,1955-08-01,1955,8,19.9,10.3,15.1,26.7,4.4,97.5,0.0,97.5,0.0,,
-52.74,47.62,ST JOHN'S A,8403506,1955-09-01,1955,9,16.0,6.7,11.4,22.2,-0.6,66.3,0.0,66.3,0.0,,
-52.74,47.62,ST JOHN'S A,8403506,1955-10-01,1955,10,9.7,3.1,6.4,20.0,-2.2,194.6,14.5,209.0,0.0,,
-52.74,47.62,ST JOHN'S A,8403506,1955-11-01,1955,11,5.2,0.5,2.9,12.2,-2.2,258.3,61.5,319.8,0.0,,
-52.74,47.62,ST JOHN'S A,8403506,1955-12-01,1955,12,-0.5,-4.7,-2.6,5.6,-12.2,37.8,120.4,158.2,58.0,,
-52.74,47.62,ST JOHN'S A,8403506,1956-01-01,1956,1,1.7,-2.2,-0.3,7.2,-14.4,93.2,33.5,126.7,5.0,,
-52.74,47.62,ST JOHN'S A,8403506,1956-02-01,1956,2,-0.9,-7.5,-4.2,7.2,-15.6,39.9,134.4,174.2,36.0,,
-52.74,47.62,ST JOHN'S A,8403506,1956-03-01,1956,3,-0.6,-7.7,-4.2,7.8,-13.9,42.4,101.9,144.3,13.0,,
-52.74,47.62,ST JOHN'S A,8403506,1956-04-01,1956,4,4.9,-0.9,2.0,14.4,-5.0,138.2,61.0,199.1,0.0,,
-52.74,47.62,ST JOHN'S A,8403506,1956-05-01,1956,5,9.7,0.1,4.9,21.7,-3.3,121.9,48.8,170.7,0.0,,
-52.74,47.62,ST JOHN'S A,8403506,1956-06-01,1956,6,15.5,6.0,10.8,26.1,-2.8,82.0,0.0,82.0,0.0,,
-52.74,47.62,ST JOHN'S A,8403506,1956-07-01,1956,7,17.9,9.7,13.8,25.6,5.0,134.9,0.0,134.9,0.0,,
-52.74,47.62,ST JOHN'S A,8403506,1956-08-01,1956,8,18.1,10.7,14.4,23.3,7.8,130.8,0.0,130.8,0.0,,
-52.74,47.62,ST JOHN'S A,8403506,1956-09-01,1956,9,14.7,6.6,10.7,22.8,0.6,190.8,0.0,190.8,0.0,,
-52.74,47.62,ST JOHN'S A,8403506,1956-10-01,1956,10,10.2,3.8,7.0,16.1,-2.2,88.1,4.8,93.0,0.0,,
-52.74,47.62,ST JOHN'S A,8403506,1956-11-01,1956,11,8.3,0.6,4.5,15.6,-6.1,207.8,0.3,208.0,0.0,,
-52.74,47.62,ST JOHN'S A,8403506,1956-12-01,1956,12,0.8,-6.7,-3.0,12.8,-14.4,28.7,76.5,105.2,0.0,,
-52.74,47.62,ST JOHN'S A,8403506,1957-01-01,1957,1,-3.6,-12.5,-8.1,10.6,-23.3,74.4,133.4,207.8,10.0,20.0,121.0
-52.74,47.62,ST JOHN'S A,8403506,1957-02-01,1957,2,-2.6,-9.5,-6.1,1.7,-17.2,67.3,127.3,194.6,74.0,29.0,105.0
-52.74,47.62,ST JOHN'S A,8403506,1957-03-01,1957,3,-0.6,-5.7,-3.2,5.0,-16.1,95.5,76.5,172.0,25.0,11.0,113.0
-52.74,47.62,ST JOHN'S A,8403506,1957-04-01,1957,4,4.1,-3.4,0.4,10.0,-10.6,62.5,23.1,85.6,0.0,27.0,113.0
-52.74,47.62,ST JOHN'S A,8403506,1957-05-01,1957,5,9.3,-0.5,4.4,16.7,-4.4,53.8,13.2,67.1,0.0,23.0,105.0
-52.74,47.62,ST JOHN'S A,8403506,1957-06-01,1957,6,13.3,4.1,8.7,26.7,0.0,24.9,1.5,26.4,0.0,23.0,89.0
-52.74,47.62,ST JOHN'S A,8403506,1957-07-01,1957,7,19.7,11.1,15.4,27.2,3.9,74.9,0.0,74.9,0.0,20.0,64.0
-52.74,47.62,ST JOHN'S A,8403506,1957-08-01,1957,8,20.0,12.3,16.2,26.1,6.7,74.4,0.0,74.4,0.0,27.0,113.0
-52.74,47.62,ST JOHN'S A,8403506,1957-09-01,1957,9,15.2,8.1,11.7,23.3,2.2,184.7,0.0,184.7,0.0,2.0,108.0
-52.74,47.62,ST JOHN'S A,8403506,1957-10-01,1957,10,10.7,3.1,6.9,17.8,-1.7,118.1,0.0,118.1,,27.0,105.0
-52.74,47.62,ST JOHN'S A,8403506,1957-11-01,1957,11,4.7,-0.3,2.2,16.7,-7.2,97.0,21.3,118.4,3.0,18.0,90.0
-52.74,47.62,ST JOHN'S A,8403506,1957-12-01,1957,12,4.3,-2.7,0.8,16.1,-10.6,134.4,52.1,186.4,0.0,25.0,105.0
-52.74,47.62,ST JOHN'S A,8403506,1958-01-01,1958,1,1.7,-2.8,-0.6,10.0,-7.8,125.0,10.2,135.1,5.0,18.0,105.0
-52.74,47.62,ST JOHN'S A,8403506,1958-02-01,1958,2,0.9,-3.3,-1.2,5.0,-13.3,117.1,70.1,187.2,23.0,25.0,103.0
-52.74,47.62,ST JOHN'S A,8403506,1958-03-01,1958,3,0.8,-2.9,-1.1,5.6,-10.0,60.2,19.6,79.8,0.0,5.0,87.0
-52.74,47.62,ST JOHN'S A,8403506,1958-04-01,1958,4,7.8,-0.4,3.7,18.3,-6.1,83.8,8.9,92.7,0.0,25.0,97.0
-52.74,47.62,ST JOHN'S A,8403506,1958-05-01,1958,5,12.1,4.4,8.3,22.2,-1.1,64.5,15.5,80.0,0.0,23.0,77.0
-52.74,47.62,ST JOHN'S A,8403506,1958-06-01,1958,6,14.2,5.8,10.0,22.2,0.6,102.1,0.0,102.1,0.0,29.0,87.0
-52.74,47.62,ST JOHN'S A,8403506,1958-07-01,1958,7,18.8,9.9,14.4,25.6,5.6,144.3,0.0,144.3,0.0,25.0,84.0
-52.74,47.62,ST JOHN'S A,8403506,1958-08-01,1958,8,20.6,12.4,16.5,25.6,8.3,92.5,0.0,92.5,0.0,27.0,74.0
-52.74,47.62,ST JOHN'S A,8403506,1958-09-01,1958,9,16.9,7.9,12.4,22.8,2.2,109.0,0.0,109.0,0.0,23.0,122.0
-52.74,47.62,ST JOHN'S A,8403506,1958-10-01,1958,10,10.4,3.4,6.9,21.7,-1.7,90.2,1.8,91.9,0.0,25.0,92.0
-52.74,47.62,ST JOHN'S A,8403506,1958-11-01,1958,11,5.5,-0.3,2.6,11.1,-7.8,129.0,26.4,155.4,0.0,20.0,111.0
-52.74,47.62,ST JOHN'S A,8403506,1958-12-01,1958,12,-1.9,-7.7,-4.8,6.7,-15.6,53.3,151.6,205.0,43.0,25.0,117.0
-52.74,47.62,ST JOHN'S A,8403506,1959-01-01,1959,1,-1.4,-6.7,-4.1,7.2,-15.0,52.3,74.7,127.0,71.0,25.0,97.0
-52.74,47.62,ST JOHN'S A,8403506,1959-02-01,1959,2,-4.4,-13.9,-9.2,6.1,-21.7,46.2,92.2,138.4,69.0,29.0,121.0
-52.74,47.62,ST JOHN'S A,8403506,1959-03-01,1959,3,-1.3,-8.2,-4.8,6.1,-13.3,42.2,87.9,130.0,81.0,27.0,116.0
-52.74,47.62,ST JOHN'S A,8403506,1959-04-01,1959,4,4.2,-2.6,0.8,14.4,-9.4,37.6,22.4,59.9,0.0,2.0,97.0
-52.74,47.62,ST JOHN'S A,8403506,1959-05-01,1959,5,8.2,0.3,4.3,17.8,-3.9,38.9,17.5,56.4,0.0,36.0,113.0
-52.74,47.62,ST JOHN'S A,8403506,1959-06-01,1959,6,13.0,3.7,8.4,23.9,0.0,80.0,16.3,96.3,0.0,7.0,108.0
-52.74,47.62,ST JOHN'S A,8403506,1959-07-01,1959,7,21.6,11.5,16.6,27.8,4.4,39.6,0.0,39.6,0.0,23.0,80.0
-52.74,47.62,ST JOHN'S A,8403506,1959-08-01,1959,8,18.0,11.2,14.6,26.7,4.4,98.3,0.0,98.3,0.0,20.0,80.0
-52.74,47.62,ST JOHN'S A,8403506,1959-09-01,1959,9,15.6,7.1,11.4,25.6,0.6,146.6,0.0,146.6,0.0,27.0,93.0
-52.74,47.62,ST JOHN'S A,8403506,1959-10-01,1959,10,8.8,2.4,5.6,12.8,-2.8,80.0,2.0,82.0,0.0,25.0,122.0
-52.74,47.62,ST JOHN'S A,8403506,1959-11-01,1959,11,7.6,1.1,4.4,17.8,-7.2,272.8,2.5,275.3,0.0,20.0,121.0
-52.74,47.62,ST JOHN'S A,8403506,1959-12-01,1959,12,1.4,-4.2,-1.4,15.0,-11.7,44.2,69.6,113.8,36.0,27.0,105.0
-52.74,47.62,ST JOHN'S A,8403506,1960-01-01,1960,1,-0.8,-6.6,-3.7,6.7,-15.6,22.9,162.1,184.9,71.0,20.0,129.0
-52.74,47.62,ST JOHN'S A,8403506,1960-02-01,1960,2,0.1,-3.9,-1.9,5.0,-15.6,126.2,55.1,181.4,25.0,16.0,97.0
-52.74,47.62,ST JOHN'S A,8403506,1960-03-01,1960,3,-0.6,-5.5,-3.1,6.7,-13.3,47.0,136.7,183.6,64.0,2.0,113.0
-52.74,47.62,ST JOHN'S A,8403506,1960-04-01,1960,4,3.9,-2.8,0.6,15.6,-8.9,10.9,18.0,29.0,0.0,23.0,159.0
-52.74,47.62,ST JOHN'S A,8403506,1960-05-01,1960,5,11.2,2.0,6.6,23.9,-1.1,95.5,0.3,95.8,0.0,27.0,89.0
-52.74,47.62,ST JOHN'S A,8403506,1960-06-01,1960,6,16.9,6.8,11.9,26.7,1.7,69.1,0.0,69.1,0.0,20.0,105.0
-52.74,47.62,ST JOHN'S A,8403506,1960-07-01,1960,7,21.1,11.8,16.5,27.2,7.2,22.4,0.0,22.4,0.0,25.0,77.0
-52.74,47.62,ST JOHN'S A,8403506,1960-08-01,1960,8,20.7,12.1,16.4,25.6,7.8,66.8,0.0,66.8,0.0,23.0,90.0
-52.74,47.62,ST JOHN'S A,8403506,1960-09-01,1960,9,17.1,9.1,13.1,23.9,1.7,70.4,0.0,70.4,0.0,25.0,87.0
-52.74,47.62,ST JOHN'S A,8403506,1960-10-01,1960,10,10.0,4.1,7.1,18.3,-0.6,183.1,0.0,183.1,0.0,14.0,89.0
-52.74,47.62,ST JOHN'S A,8403506,1960-11-01,1960,11,4.8,-1.0,1.9,12.8,-7.8,91.7,39.4,131.1,5.0,27.0,97.0
-52.74,47.62,ST JOHN'S A,8403506,1960-12-01,1960,12,1.9,-4.4,-1.3,12.2,-10.0,98.0,30.7,132.8,0.0,20.0,114.0
-52.74,47.62,ST JOHN'S A,8403506,1961-01-01,1961,1,-1.8,-8.3,-5.1,6.1,-16.1,26.7,81.0,91.4,43.0,25.0,156.0
-52.74,47.62,ST JOHN'S A,8403506,1961-02-01,1961,2,-4.8,-13.1,-9.0,6.7,-21.1,29.5,108.7,102.4,43.0,2.0,97.0
-52.74,47.62,ST JOHN'S A,8403506,1961-03-01,1961,3,-0.8,-7.0,-3.9,6.1,-19.4,132.8,78.0,206.2,8.0,25.0,129.0
-52.74,47.62,ST JOHN'S A,8403506,1961-04-01,1961,4,2.0,-2.4,-0.2,7.8,-6.7,25.4,73.2,120.9,3.0,32.0,85.0
-52.74,47.62,ST JOHN'S A,8403506,1961-05-01,1961,5,10.1,1.1,5.6,22.2,-3.9,72.9,17.3,91.7,0.0,27.0,84.0
-52.74,47.62,ST JOHN'S A,8403506,1961-06-01,1961,6,19.2,7.5,13.4,26.1,1.7,36.8,0.0,36.8,0.0,25.0,89.0
-52.74,47.62,ST JOHN'S A,8403506,1961-07-01,1961,7,20.1,10.6,15.4,28.9,5.0,40.6,0.0,40.6,0.0,25.0,80.0
-52.74,47.62,ST JOHN'S A,8403506,1961-08-01,1961,8,20.9,11.3,16.1,26.7,6.1,39.9,0.0,39.9,0.0,27.0,72.0
-52.74,47.62,ST JOHN'S A,8403506,1961-09-01,1961,9,17.8,8.1,13.0,26.7,3.3,51.1,0.0,51.1,0.0,25.0,93.0
-52.74,47.62,ST JOHN'S A,8403506,1961-10-01,1961,10,12.7,5.2,9.0,22.8,-2.2,93.2,0.5,93.7,0.0,25.0,93.0
-52.74,47.62,ST JOHN'S A,8403506,1961-11-01,1961,11,9.1,3.3,6.2,16.1,-3.3,80.8,3.6,84.3,0.0,25.0,76.0
-52.74,47.62,ST JOHN'S A,8403506,1961-12-01,1961,12,1.7,-2.9,-0.6,7.8,-12.8,53.8,42.4,96.3,0.0,29.0,116.0
-52.74,47.62,ST JOHN'S A,8403506,1962-01-01,1962,1,-0.4,-8.6,-4.5,8.9,-15.0,31.2,78.7,103.6,10.0,27.0,121.0
-52.74,47.62,ST JOHN'S A,8403506,1962-02-01,1962,2,-0.1,-7.8,-4.0,10.0,-16.1,107.4,105.9,223.8,30.0,36.0,137.0
-52.74,47.62,ST JOHN'S A,8403506,1962-03-01,1962,3,2.4,-3.2,-0.4,18.3,-9.4,122.7,21.3,146.8,0.0,7.0,89.0
-52.74,47.62,ST JOHN'S A,8403506,1962-04-01,1962,4,5.7,-1.9,1.9,13.9,-5.6,39.4,17.0,60.7,0.0,27.0,109.0
-52.74,47.62,ST JOHN'S A,8403506,1962-05-01,1962,5,8.1,0.1,4.1,16.1,-6.1,33.5,7.6,43.2,0.0,34.0,109.0
-52.74,47.62,ST JOHN'S A,8403506,1962-06-01,1962,6,14.5,3.8,9.2,26.7,-0.6,96.8,0.0,96.8,0.0,11.0,80.0
-52.74,47.62,ST JOHN'S A,8403506,1962-07-01,1962,7,16.1,7.5,11.8,26.1,2.8,141.5,0.0,141.5,0.0,18.0,64.0
-52.74,47.62,ST JOHN'S A,8403506,1962-08-01,1962,8,19.2,10.2,14.7,25.6,5.0,54.6,0.0,54.6,0.0,27.0,72.0
-52.74,47.62,ST JOHN'S A,8403506,1962-09-01,1962,9,14.4,7.6,11.0,25.0,0.6,162.3,0.0,162.3,0.0,25.0,105.0
-52.74,47.62,ST JOHN'S A,8403506,1962-10-01,1962,10,11.4,3.4,7.4,20.6,-1.1,163.1,0.0,163.1,0.0,25.0,105.0
-52.74,47.62,ST JOHN'S A,8403506,1962-11-01,1962,11,8.2,0.9,4.6,18.3,-5.0,204.7,19.1,228.6,3.0,18.0,113.0
-52.74,47.62,ST JOHN'S A,8403506,1962-12-01,1962,12,2.5,-5.4,-1.5,13.3,-15.0,97.5,35.6,152.1,15.0,27.0,114.0
-52.74,47.62,ST JOHN'S A,8403506,1963-01-01,1963,1,1.3,-5.1,-1.9,12.2,-12.8,175.5,23.1,219.7,3.0,16.0,116.0
-52.74,47.62,ST JOHN'S A,8403506,1963-02-01,1963,2,-0.4,-8.3,-4.4,6.7,-13.9,34.0,63.8,97.5,20.0,25.0,113.0
-52.74,47.62,ST JOHN'S A,8403506,1963-03-01,1963,3,-0.2,-7.4,-3.8,12.2,-18.9,3.6,47.5,55.9,3.0,36.0,93.0
-52.74,47.62,ST JOHN'S A,8403506,1963-04-01,1963,4,2.0,-2.9,-0.5,14.4,-11.7,85.1,53.8,151.1,8.0,16.0,90.0
-52.74,47.62,ST JOHN'S A,8403506,1963-05-01,1963,5,12.6,2.3,7.5,21.1,-2.8,85.1,11.4,107.7,0.0,23.0,74.0
-52.74,47.62,ST JOHN'S A,8403506,1963-06-01,1963,6,13.1,4.1,8.6,22.8,1.1,86.1,0.0,86.1,0.0,25.0,80.0
-52.74,47.62,ST JOHN'S A,8403506,1963-07-01,1963,7,18.9,9.4,14.2,30.6,2.8,69.1,0.0,69.1,0.0,18.0,58.0
-52.74,47.62,ST JOHN'S A,8403506,1963-08-01,1963,8,18.6,10.5,14.6,23.3,5.0,167.1,0.0,167.1,0.0,23.0,93.0
-52.74,47.62,ST JOHN'S A,8403506,1963-09-01,1963,9,16.0,7.0,11.5,23.3,1.1,112.0,0.0,112.0,0.0,20.0,89.0
-52.74,47.62,ST JOHN'S A,8403506,1963-10-01,1963,10,11.8,3.9,7.9,17.2,-1.7,83.8,1.8,85.6,0.0,2.0,113.0
-52.74,47.62,ST JOHN'S A,8403506,1963-11-01,1963,11,7.3,1.1,4.2,16.7,-5.6,127.0,6.4,134.6,0.0,27.0,132.0
-52.74,47.62,ST JOHN'S A,8403506,1963-12-01,1963,12,0.1,-5.4,-2.7,13.9,-15.0,100.8,88.1,179.8,43.0,20.0,153.0
-52.74,47.62,ST JOHN'S A,8403506,1964-01-01,1964,1,-1.9,-8.4,-5.2,6.7,-14.4,37.8,104.4,128.3,23.0,16.0,126.0
-52.74,47.62,ST JOHN'S A,8403506,1964-02-01,1964,2,-0.9,-6.6,-3.8,3.9,-16.7,66.5,105.9,166.6,23.0,23.0,193.0
-52.74,47.62,ST JOHN'S A,8403506,1964-03-01,1964,3,-0.9,-8.2,-4.6,7.2,-17.2,24.9,105.4,108.2,48.0,34.0,119.0
-52.74,47.62,ST JOHN'S A,8403506,1964-04-01,1964,4,5.3,-1.7,1.8,16.1,-6.1,68.6,29.5,98.0,0.0,20.0,121.0
-52.74,47.62,ST JOHN'S A,8403506,1964-05-01,1964,5,9.3,-0.1,4.6,22.2,-6.7,61.2,5.8,66.8,0.0,34.0,97.0
-52.74,47.62,ST JOHN'S A,8403506,1964-06-01,1964,6,14.2,5.3,9.8,22.2,0.6,79.0,0.0,79.0,0.0,23.0,93.0
-52.74,47.62,ST JOHN'S A,8403506,1964-07-01,1964,7,20.1,10.3,15.2,27.2,1.1,101.9,0.0,101.9,0.0,20.0,89.0
-52.74,47.62,ST JOHN'S A,8403506,1964-08-01,1964,8,17.1,9.3,13.2,23.3,5.6,156.5,0.0,156.5,0.0,25.0,87.0
-52.74,47.62,ST JOHN'S A,8403506,1964-09-01,1964,9,14.9,7.2,11.1,23.9,3.3,120.9,0.0,120.9,0.0,36.0,90.0
-52.74,47.62,ST JOHN'S A,8403506,1964-10-01,1964,10,10.4,3.8,7.1,20.0,-2.2,205.2,2.8,210.6,0.0,16.0,121.0
-52.74,47.62,ST JOHN'S A,8403506,1964-11-01,1964,11,3.7,-1.2,1.3,10.6,-7.8,131.6,47.5,180.3,0.0,29.0,124.0
-52.74,47.62,ST JOHN'S A,8403506,1964-12-01,1964,12,1.6,-4.4,-1.4,9.4,-12.8,100.8,82.3,173.2,0.0,18.0,145.0
-52.74,47.62,ST JOHN'S A,8403506,1965-01-01,1965,1,0.2,-6.4,-3.1,8.9,-16.1,48.3,87.9,122.2,13.0,25.0,137.0
-52.74,47.62,ST JOHN'S A,8403506,1965-02-01,1965,2,-1.2,-8.0,-4.6,5.0,-16.7,57.9,48.0,96.0,15.0,32.0,126.0
-52.74,47.62,ST JOHN'S A,8403506,1965-03-01,1965,3,-0.1,-4.4,-2.3,3.9,-11.7,65.0,65.0,127.3,13.0,27.0,98.0
-52.74,47.62,ST JOHN'S A,8403506,1965-04-01,1965,4,4.3,-2.4,1.0,11.1,-6.1,76.5,23.9,102.6,0.0,20.0,105.0
-52.74,47.62,ST JOHN'S A,8403506,1965-05-01,1965,5,7.0,0.0,3.5,20.0,-3.3,78.5,5.1,83.6,0.0,34.0,74.0
-52.74,47.62,ST JOHN'S A,8403506,1965-06-01,1965,6,15.1,5.4,10.3,24.4,1.1,69.3,0.0,69.3,0.0,25.0,93.0
-52.74,47.62,ST JOHN'S A,8403506,1965-07-01,1965,7,21.1,11.2,16.2,27.2,6.7,61.2,0.0,61.2,0.0,27.0,77.0
-52.74,47.62,ST JOHN'S A,8403506,1965-08-01,1965,8,20.2,10.4,15.3,27.8,6.7,53.1,0.0,53.1,0.0,16.0,77.0
-52.74,47.62,ST JOHN'S A,8403506,1965-09-01,1965,9,14.8,7.2,11.0,24.4,0.6,62.0,0.3,62.2,0.0,27.0,97.0
-52.74,47.62,ST JOHN'S A,8403506,1965-10-01,1965,10,10.3,2.8,6.6,17.8,-2.8,78.0,23.6,100.8,3.0,36.0,109.0
-52.74,47.62,ST JOHN'S A,8403506,1965-11-01,1965,11,4.7,-1.6,1.6,15.0,-6.1,157.0,13.0,171.5,0.0,18.0,93.0
-52.74,47.62,ST JOHN'S A,8403506,1965-12-01,1965,12,0.8,-4.6,-1.9,10.6,-12.2,41.9,55.9,93.2,5.0,32.0,129.0
-52.74,47.62,ST JOHN'S A,8403506,1966-01-01,1966,1,-0.7,-4.9,-2.8,2.2,-13.9,33.0,145.5,181.1,13.0,36.0,138.0
-52.74,47.62,ST JOHN'S A,8403506,1966-02-01,1966,2,-2.2,-7.2,-4.7,5.0,-15.6,6.6,66.0,63.0,36.0,27.0,121.0
-52.74,47.62,ST JOHN'S A,8403506,1966-03-01,1966,3,1.6,-3.8,-1.1,9.4,-11.1,57.2,53.8,110.2,0.0,36.0,129.0
-52.74,47.62,ST JOHN'S A,8403506,1966-04-01,1966,4,3.6,-2.0,0.8,10.6,-6.7,15.5,30.7,53.6,0.0,25.0,97.0
-52.74,47.62,ST JOHN'S A,8403506,1966-05-01,1966,5,10.4,1.3,5.9,21.1,-1.7,92.7,11.7,105.7,0.0,23.0,101.0
-52.74,47.62,ST JOHN'S A,8403506,1966-06-01,1966,6,15.8,6.6,11.2,22.8,0.6,95.5,0.0,95.5,0.0,25.0,80.0
-52.74,47.62,ST JOHN'S A,8403506,1966-07-01,1966,7,21.7,12.2,17.0,26.7,7.2,80.8,0.0,80.8,0.0,25.0,69.0
-52.74,47.62,ST JOHN'S A,8403506,1966-08-01,1966,8,19.2,10.9,15.1,25.0,6.7,120.7,0.0,120.7,0.0,14.0,60.0
-52.74,47.62,ST JOHN'S A,8403506,1966-09-01,1966,9,14.6,7.2,10.9,21.7,2.2,62.2,0.0,62.2,0.0,18.0,93.0
-52.74,47.62,ST JOHN'S A,8403506,1966-10-01,1966,10,10.3,4.0,7.2,18.3,-0.6,119.9,0.0,119.9,0.0,14.0,106.0
-52.74,47.62,ST JOHN'S A,8403506,1966-11-01,1966,11,8.4,2.8,5.6,16.1,-4.4,118.4,2.3,120.4,0.0,2.0,80.0
-52.74,47.62,ST JOHN'S A,8403506,1966-12-01,1966,12,4.4,-1.7,1.4,15.0,-7.2,217.7,38.4,259.8,0.0,16.0,97.0
-52.74,47.62,ST JOHN'S A,8403506,1967-01-01,1967,1,-0.9,-6.8,-3.9,8.9,-13.3,130.6,56.4,181.4,8.0,27.0,90.0
-52.74,47.62,ST JOHN'S A,8403506,1967-02-01,1967,2,-1.0,-9.7,-5.4,8.3,-17.8,81.8,94.0,166.4,13.0,27.0,158.0
-52.74,47.62,ST JOHN'S A,8403506,1967-03-01,1967,3,-0.4,-7.9,-4.2,9.4,-15.0,36.8,78.2,99.8,8.0,25.0,134.0
-52.74,47.62,ST JOHN'S A,8403506,1967-04-01,1967,4,1.5,-4.4,-1.5,7.2,-11.1,46.0,64.0,110.0,3.0,36.0,105.0
-52.74,47.62,ST JOHN'S A,8403506,1967-05-01,1967,5,9.1,1.1,5.1,13.9,-2.8,112.5,0.0,112.5,0.0,27.0,97.0
-52.74,47.62,ST JOHN'S A,8403506,1967-06-01,1967,6,18.1,6.1,12.1,28.9,1.1,20.6,0.0,20.6,0.0,23.0,77.0
-52.74,47.62,ST JOHN'S A,8403506,1967-07-01,1967,7,22.4,13.2,17.8,28.9,6.7,31.8,0.0,31.8,0.0,25.0,68.0
-52.74,47.62,ST JOHN'S A,8403506,1967-08-01,1967,8,22.9,14.5,18.7,28.3,10.0,47.5,0.0,47.5,0.0,25.0,77.0
-52.74,47.62,ST JOHN'S A,8403506,1967-09-01,1967,9,16.7,9.0,12.9,23.3,5.0,108.5,0.0,108.5,0.0,20.0,71.0
-52.74,47.62,ST JOHN'S A,8403506,1967-10-01,1967,10,12.3,4.8,8.6,19.4,0.0,119.4,0.0,119.4,0.0,36.0,76.0
-52.74,47.62,ST JOHN'S A,8403506,1967-11-01,1967,11,8.8,2.2,5.5,18.3,-4.4,112.0,6.9,120.1,3.0,23.0,121.0
-52.74,47.62,ST JOHN'S A,8403506,1967-12-01,1967,12,2.9,-2.1,0.4,12.2,-6.7,43.7,39.4,73.9,0.0,36.0,113.0
-52.74,47.62,ST JOHN'S A,8403506,1968-01-01,1968,1,-0.1,-7.1,-3.6,10.0,-13.9,30.2,46.5,72.9,0.0,20.0,126.0
-52.74,47.62,ST JOHN'S A,8403506,1968-02-01,1968,2,-0.6,-6.9,-3.8,7.8,-15.0,122.9,47.2,155.2,15.0,25.0,101.0
-52.74,47.62,ST JOHN'S A,8403506,1968-03-01,1968,3,3.7,-4.8,-0.6,15.6,-12.2,98.0,45.2,153.9,10.0,20.0,97.0
-52.74,47.62,ST JOHN'S A,8403506,1968-04-01,1968,4,5.1,-2.1,1.5,15.6,-5.0,38.1,12.2,50.5,0.0,25.0,92.0
-52.74,47.62,ST JOHN'S A,8403506,1968-05-01,1968,5,8.6,0.2,4.4,17.8,-5.0,109.7,31.5,147.3,0.0,32.0,129.0
-52.74,47.62,ST JOHN'S A,8403506,1968-06-01,1968,6,12.5,3.7,8.1,21.1,-0.6,150.9,4.1,156.0,0.0,25.0,92.0
-52.74,47.62,ST JOHN'S A,8403506,1968-07-01,1968,7,19.2,8.9,14.1,28.9,5.0,63.2,0.0,63.2,0.0,34.0,77.0
-52.74,47.62,ST JOHN'S A,8403506,1968-08-01,1968,8,15.3,8.6,12.0,24.4,2.8,176.0,0.0,176.0,0.0,34.0,93.0
-52.74,47.62,ST JOHN'S A,8403506,1968-09-01,1968,9,15.9,8.1,12.0,22.8,2.8,30.5,0.0,30.5,0.0,36.0,58.0
-52.74,47.62,ST JOHN'S A,8403506,1968-10-01,1968,10,10.3,4.1,7.2,21.7,-0.6,166.9,0.0,166.9,0.0,27.0,109.0
-52.74,47.62,ST JOHN'S A,8403506,1968-11-01,1968,11,3.7,-1.1,1.3,11.7,-7.8,128.5,57.2,188.0,8.0,18.0,117.0
-52.74,47.62,ST JOHN'S A,8403506,1968-12-01,1968,12,2.1,-2.8,-0.4,11.7,-8.9,81.0,34.3,114.0,0.0,20.0,114.0
-52.74,47.62,ST JOHN'S A,8403506,1969-01-01,1969,1,0.0,-5.1,-2.6,5.0,-11.7,37.8,87.1,126.7,15.0,36.0,129.0
-52.74,47.62,ST JOHN'S A,8403506,1969-02-01,1969,2,0.4,-3.7,-1.7,5.6,-11.1,85.6,49.5,133.9,0.0,14.0,116.0
-52.74,47.62,ST JOHN'S A,8403506,1969-03-01,1969,3,1.7,-3.7,-1.0,7.8,-9.4,98.3,59.7,171.5,0.0,27.0,105.0
-52.74,47.62,ST JOHN'S A,8403506,1969-04-01,1969,4,4.9,-3.2,0.9,14.4,-8.3,77.2,23.6,106.4,0.0,20.0,105.0
-52.74,47.62,ST JOHN'S A,8403506,1969-05-01,1969,5,8.6,1.3,5.0,17.8,-2.2,125.0,7.6,132.6,0.0,25.0,89.0
-52.74,47.62,ST JOHN'S A,8403506,1969-06-01,1969,6,17.6,7.2,12.4,26.1,1.7,59.2,0.0,59.2,0.0,27.0,77.0
-52.74,47.62,ST JOHN'S A,8403506,1969-07-01,1969,7,17.6,9.4,13.5,24.4,5.0,99.1,0.0,99.1,0.0,36.0,84.0
-52.74,47.62,ST JOHN'S A,8403506,1969-08-01,1969,8,18.7,11.4,15.1,25.0,8.3,210.3,0.0,210.3,0.0,5.0,93.0
-52.74,47.62,ST JOHN'S A,8403506,1969-09-01,1969,9,15.0,7.3,11.2,22.2,1.7,150.9,0.0,150.9,0.0,23.0,89.0
-52.74,47.62,ST JOHN'S A,8403506,1969-10-01,1969,10,8.6,2.8,5.7,16.7,-1.1,188.0,5.8,194.3,3.0,14.0,100.0
-52.74,47.62,ST JOHN'S A,8403506,1969-11-01,1969,11,7.7,1.7,4.7,16.7,-5.0,163.1,3.6,167.1,0.0,16.0,98.0
-52.74,47.62,ST JOHN'S A,8403506,1969-12-01,1969,12,5.8,0.0,2.9,14.4,-8.9,136.1,13.2,149.1,0.0,16.0,90.0
-52.74,47.62,ST JOHN'S A,8403506,1970-01-01,1970,1,-2.8,-8.4,-5.6,3.3,-15.0,1.5,91.4,71.1,38.0,34.0,105.0
-52.74,47.62,ST JOHN'S A,8403506,1970-02-01,1970,2,2.3,-4.8,-1.3,9.4,-14.4,201.9,36.1,233.9,0.0,18.0,113.0
-52.74,47.62,ST JOHN'S A,8403506,1970-03-01,1970,3,3.1,-2.1,0.5,7.8,-5.6,85.6,19.8,107.7,0.0,25.0,80.0
-52.74,47.62,ST JOHN'S A,8403506,1970-04-01,1970,4,3.4,-2.0,0.7,13.9,-6.1,114.3,34.0,151.4,0.0,36.0,77.0
-52.74,47.62,ST JOHN'S A,8403506,1970-05-01,1970,5,11.8,1.8,6.8,19.4,-2.8,108.2,1.3,109.5,0.0,25.0,89.0
-52.74,47.62,ST JOHN'S A,8403506,1970-06-01,1970,6,17.1,6.3,11.7,25.6,-3.3,76.5,0.0,76.5,0.0,25.0,84.0
-52.74,47.62,ST JOHN'S A,8403506,1970-07-01,1970,7,20.9,10.1,15.5,28.3,2.8,34.5,0.0,34.5,0.0,25.0,72.0
-52.74,47.62,ST JOHN'S A,8403506,1970-08-01,1970,8,21.0,13.8,17.4,28.3,5.6,327.7,0.0,327.7,0.0,36.0,98.0
-52.74,47.62,ST JOHN'S A,8403506,1970-09-01,1970,9,14.6,6.6,10.6,25.0,1.7,113.3,0.0,113.3,0.0,34.0,74.0
-52.74,47.62,ST JOHN'S A,8403506,1970-10-01,1970,10,9.8,3.9,6.9,20.6,-1.1,136.4,12.7,150.4,0.0,34.0,92.0
-52.74,47.62,ST JOHN'S A,8403506,1970-11-01,1970,11,8.3,1.6,5.0,15.6,-2.8,185.2,4.6,189.7,0.0,18.0,82.0
-52.74,47.62,ST JOHN'S A,8403506,1970-12-01,1970,12,0.3,-5.9,-2.8,10.0,-16.1,133.4,114.6,253.2,8.0,32.0,119.0
-52.74,47.62,ST JOHN'S A,8403506,1971-01-01,1971,1,-1.8,-8.5,-5.2,8.9,-21.1,67.6,140.0,213.9,23.0,27.0,130.0
-52.74,47.62,ST JOHN'S A,8403506,1971-02-01,1971,2,-0.3,-8.2,-4.3,12.2,-16.7,61.7,17.0,75.2,0.0,25.0,84.0
-52.74,47.62,ST JOHN'S A,8403506,1971-03-01,1971,3,3.3,-2.8,0.3,11.1,-6.7,74.2,19.8,94.2,0.0,25.0,106.0
-52.74,47.62,ST JOHN'S A,8403506,1971-04-01,1971,4,6.7,0.1,3.4,14.4,-3.9,190.8,2.5,193.3,0.0,20.0,103.0
-52.74,47.62,ST JOHN'S A,8403506,1971-05-01,1971,5,13.2,3.2,8.2,23.3,-3.3,41.9,0.5,42.4,0.0,18.0,68.0
-52.74,47.62,ST JOHN'S A,8403506,1971-06-01,1971,6,15.6,6.2,10.9,26.7,2.2,93.7,0.0,93.7,0.0,25.0,80.0
-52.74,47.62,ST JOHN'S A,8403506,1971-07-01,1971,7,19.7,10.8,15.3,26.7,4.4,146.8,0.0,146.8,0.0,25.0,84.0
-52.74,47.62,ST JOHN'S A,8403506,1971-08-01,1971,8,21.6,13.0,17.3,27.8,6.7,150.4,0.0,150.4,0.0,23.0,90.0
-52.74,47.62,ST JOHN'S A,8403506,1971-09-01,1971,9,15.4,7.8,11.6,22.8,1.7,87.9,0.0,87.9,0.0,25.0,82.0
-52.74,47.62,ST JOHN'S A,8403506,1971-10-01,1971,10,9.4,3.4,6.4,17.8,-3.9,101.9,5.6,107.4,0.0,32.0,108.0
-52.74,47.62,ST JOHN'S A,8403506,1971-11-01,1971,11,7.4,0.9,4.2,17.2,-3.9,227.3,12.2,243.6,0.0,5.0,85.0
-52.74,47.62,ST JOHN'S A,8403506,1971-12-01,1971,12,-0.5,-6.7,-3.6,11.7,-15.6,28.2,114.6,135.9,36.0,16.0,97.0
-52.74,47.62,ST JOHN'S A,8403506,1972-01-01,1972,1,-2.2,-9.9,-6.1,10.6,-17.8,44.5,79.2,104.4,13.0,25.0,108.0
-52.74,47.62,ST JOHN'S A,8403506,1972-02-01,1972,2,-3.1,-12.6,-7.9,7.8,-22.2,54.9,83.6,124.2,30.0,29.0,113.0
-52.74,47.62,ST JOHN'S A,8403506,1972-03-01,1972,3,0.8,-7.7,-3.5,13.9,-17.2,91.2,27.4,114.6,0.0,2.0,89.0
-52.74,47.62,ST JOHN'S A,8403506,1972-04-01,1972,4,3.4,-3.0,0.2,11.1,-7.2,44.5,61.0,114.3,0.0,34.0,98.0
-52.74,47.62,ST JOHN'S A,8403506,1972-05-01,1972,5,10.0,-0.2,4.9,25.6,-6.7,67.6,29.2,104.4,0.0,27.0,79.0
-52.74,47.62,ST JOHN'S A,8403506,1972-06-01,1972,6,19.9,9.8,14.9,26.1,1.1,97.5,0.0,97.5,0.0,25.0,89.0
-52.74,47.62,ST JOHN'S A,8403506,1972-07-01,1972,7,18.8,9.6,14.2,27.8,4.4,19.3,0.0,19.3,0.0,25.0,68.0
-52.74,47.62,ST JOHN'S A,8403506,1972-08-01,1972,8,19.1,10.4,14.8,25.0,5.6,118.1,0.0,118.1,0.0,25.0,72.0
-52.74,47.62,ST JOHN'S A,8403506,1972-09-01,1972,9,14.2,7.1,10.7,21.1,0.6,99.1,0.0,99.1,0.0,29.0,76.0
-52.74,47.62,ST JOHN'S A,8403506,1972-10-01,1972,10,10.3,3.1,6.7,22.8,-2.8,148.3,0.8,149.1,0.0,18.0,77.0
-52.74,47.62,ST JOHN'S A,8403506,1972-11-01,1972,11,4.2,-1.3,1.5,12.2,-6.1,223.3,43.7,267.7,0.0,2.0,103.0
-52.74,47.62,ST JOHN'S A,8403506,1972-12-01,1972,12,-2.4,-10.7,-6.6,13.3,-19.4,71.6,74.7,129.3,28.0,25.0,129.0
-52.74,47.62,ST JOHN'S A,8403506,1973-01-01,1973,1,-1.3,-9.9,-5.6,10.0,-17.2,48.0,58.2,96.3,5.0,25.0,90.0
-52.74,47.62,ST JOHN'S A,8403506,1973-02-01,1973,2,1.0,-6.3,-2.7,11.7,-15.0,128.8,61.0,188.0,3.0,32.0,109.0
-52.74,47.62,ST JOHN'S A,8403506,1973-03-01,1973,3,0.3,-7.1,-3.4,8.3,-17.2,35.8,40.4,75.9,5.0,25.0,80.0
-52.74,47.62,ST JOHN'S A,8403506,1973-04-01,1973,4,3.1,-1.9,0.6,15.6,-5.6,24.1,17.8,42.2,0.0,34.0,97.0
-52.74,47.62,ST JOHN'S A,8403506,1973-05-01,1973,5,9.5,1.7,5.6,19.4,-1.7,122.4,0.0,122.4,0.0,18.0,76.0
-52.74,47.62,ST JOHN'S A,8403506,1973-06-01,1973,6,15.5,6.2,10.9,23.9,-1.1,159.0,0.0,159.0,0.0,11.0,80.0
-52.74,47.62,ST JOHN'S A,8403506,1973-07-01,1973,7,22.8,14.1,18.5,27.8,8.9,66.0,0.0,66.0,0.0,20.0,89.0
-52.74,47.62,ST JOHN'S A,8403506,1973-08-01,1973,8,16.9,10.0,13.5,25.6,6.1,191.5,0.0,191.5,0.0,2.0,90.0
-52.74,47.62,ST JOHN'S A,8403506,1973-09-01,1973,9,15.6,7.7,11.7,22.2,1.7,107.4,0.0,107.4,0.0,25.0,80.0
-52.74,47.62,ST JOHN'S A,8403506,1973-10-01,1973,10,9.4,3.6,6.5,17.2,-2.8,138.7,3.0,141.7,0.0,34.0,121.0
-52.74,47.62,ST JOHN'S A,8403506,1973-11-01,1973,11,5.0,-0.3,2.4,13.9,-5.0,88.6,27.7,115.3,0.0,18.0,97.0
-52.74,47.62,ST JOHN'S A,8403506,1973-12-01,1973,12,4.4,-2.2,1.1,12.8,-10.0,40.6,18.5,59.9,0.0,34.0,113.0
-52.74,47.62,ST JOHN'S A,8403506,1974-01-01,1974,1,-4.6,-11.9,-8.3,6.1,-16.7,4.6,99.3,88.1,25.0,27.0,116.0
-52.74,47.62,ST JOHN'S A,8403506,1974-02-01,1974,2,-1.9,-9.1,-5.5,7.8,-16.7,30.0,45.7,73.2,18.0,27.0,108.0
-52.74,47.62,ST JOHN'S A,8403506,1974-03-01,1974,3,0.1,-8.1,-4.0,8.9,-17.8,55.9,111.3,162.1,30.0,34.0,148.0
-52.74,47.62,ST JOHN'S A,8403506,1974-04-01,1974,4,5.6,-2.9,1.4,12.2,-8.9,137.2,13.2,151.9,0.0,25.0,93.0
-52.74,47.62,ST JOHN'S A,8403506,1974-05-01,1974,5,5.9,-0.4,2.8,13.9,-2.2,85.9,22.1,108.7,0.0,25.0,85.0
-52.74,47.62,ST JOHN'S A,8403506,1974-06-01,1974,6,14.8,5.5,10.2,27.8,-0.6,47.5,13.7,61.2,0.0,36.0,85.0
-52.74,47.62,ST JOHN'S A,8403506,1974-07-01,1974,7,18.8,8.1,13.5,26.1,0.6,91.2,0.0,91.2,0.0,20.0,74.0
-52.74,47.62,ST JOHN'S A,8403506,1974-08-01,1974,8,18.7,10.3,14.5,24.4,5.0,144.0,0.0,144.0,0.0,27.0,68.0
-52.74,47.62,ST JOHN'S A,8403506,1974-09-01,1974,9,16.3,8.1,12.2,21.7,3.3,153.4,0.0,153.4,0.0,2.0,84.0
-52.74,47.62,ST JOHN'S A,8403506,1974-10-01,1974,10,10.2,3.2,6.7,17.8,-3.3,211.6,0.3,211.8,0.0,18.0,89.0
-52.74,47.62,ST JOHN'S A,8403506,1974-11-01,1974,11,5.1,-0.4,2.4,11.7,-5.6,106.2,23.6,128.8,8.0,25.0,90.0
-52.74,47.62,ST JOHN'S A,8403506,1974-12-01,1974,12,1.7,-3.7,-1.0,11.7,-10.0,95.8,77.0,177.0,25.0,2.0,105.0
-52.74,47.62,ST JOHN'S A,8403506,1975-01-01,1975,1,-2.6,-10.3,-6.5,4.4,-20.6,18.3,104.9,116.6,76.0,18.0,114.0
-52.74,47.62,ST JOHN'S A,8403506,1975-02-01,1975,2,-6.7,-14.7,-10.7,3.9,-23.3,8.6,101.1,90.7,76.0,34.0,98.0
-52.74,47.62,ST JOHN'S A,8403506,1975-03-01,1975,3,1.1,-5.3,-2.1,8.9,-12.8,48.5,39.4,85.1,23.0,25.0,116.0
-52.74,47.62,ST JOHN'S A,8403506,1975-04-01,1975,4,3.8,-2.1,0.9,12.2,-10.0,92.7,14.2,106.4,0.0,18.0,113.0
-52.74,47.62,ST JOHN'S A,8403506,1975-05-01,1975,5,8.1,0.6,4.4,19.4,-3.3,127.3,15.2,144.3,0.0,36.0,146.0
-52.74,47.62,ST JOHN'S A,8403506,1975-06-01,1975,6,12.8,3.7,8.3,24.4,0.0,34.8,16.8,55.9,0.0,25.0,87.0
-52.74,47.62,ST JOHN'S A,8403506,1975-07-01,1975,7,23.6,13.1,18.4,29.4,2.2,54.6,0.0,54.6,0.0,25.0,89.0
-52.74,47.62,ST JOHN'S A,8403506,1975-08-01,1975,8,18.5,10.8,14.7,27.2,5.0,146.3,0.0,146.3,0.0,36.0,111.0
-52.74,47.62,ST JOHN'S A,8403506,1975-09-01,1975,9,16.7,9.4,13.1,25.6,1.7,117.1,0.0,117.1,0.0,32.0,111.0
-52.74,47.62,ST JOHN'S A,8403506,1975-10-01,1975,10,9.7,2.8,6.3,19.4,-0.6,180.1,23.1,205.2,0.0,27.0,121.0
-52.74,47.62,ST JOHN'S A,8403506,1975-11-01,1975,11,6.2,-0.2,3.0,15.0,-5.6,70.1,24.6,98.6,0.0,36.0,127.0
-52.74,47.62,ST JOHN'S A,8403506,1975-12-01,1975,12,1.6,-5.5,-2.0,9.4,-12.8,56.6,31.2,87.4,0.0,18.0,111.0
-52.74,47.62,ST JOHN'S A,8403506,1976-01-01,1976,1,1.9,-6.4,-2.3,14.4,-15.6,127.5,101.3,222.5,3.0,23.0,137.0
-52.74,47.62,ST JOHN'S A,8403506,1976-02-01,1976,2,-0.3,-9.8,-5.1,12.2,-16.1,95.3,54.9,144.8,0.0,23.0,134.0
-52.74,47.62,ST JOHN'S A,8403506,1976-03-01,1976,3,1.1,-7.7,-3.3,14.4,-15.6,47.5,72.4,123.7,0.0,25.0,137.0
-52.74,47.62,ST JOHN'S A,8403506,1976-04-01,1976,4,6.1,-1.2,2.5,15.0,-6.1,99.1,9.9,109.7,0.0,25.0,82.0
-52.74,47.62,ST JOHN'S A,8403506,1976-05-01,1976,5,11.5,2.0,6.8,21.7,-2.2,40.9,0.0,40.9,0.0,27.0,111.0
-52.74,47.62,ST JOHN'S A,8403506,1976-06-01,1976,6,15.1,4.1,9.6,27.8,0.0,98.3,6.4,106.2,0.0,32.0,103.0
-52.74,47.62,ST JOHN'S A,8403506,1976-07-01,1976,7,19.2,9.9,14.6,26.7,-1.1,77.5,0.0,77.5,0.0,25.0,64.0
-52.74,47.62,ST JOHN'S A,8403506,1976-08-01,1976,8,21.1,11.7,16.4,27.8,0.6,54.6,0.0,54.6,0.0,25.0,64.0
-52.74,47.62,ST JOHN'S A,8403506,1976-09-01,1976,9,17.6,9.3,13.5,21.1,5.6,120.7,0.0,120.7,0.0,18.0,101.0
-52.74,47.62,ST JOHN'S A,8403506,1976-10-01,1976,10,11.6,2.8,7.2,21.7,-1.7,148.3,0.0,148.3,0.0,25.0,93.0
-52.74,47.62,ST JOHN'S A,8403506,1976-11-01,1976,11,5.1,-0.4,2.4,17.8,-4.4,95.3,26.7,120.4,0.0,23.0,145.0
-52.74,47.62,ST JOHN'S A,8403506,1976-12-01,1976,12,1.4,-7.5,-3.1,9.4,-16.7,200.2,40.1,242.1,3.0,25.0,127.0
-52.74,47.62,ST JOHN'S A,8403506,1977-01-01,1977,1,0.1,-7.7,-3.8,5.7,-15.6,166.4,51.6,219.4,2.0,25.0,167.0
-52.74,47.62,ST JOHN'S A,8403506,1977-02-01,1977,2,-2.5,-9.8,-6.2,5.4,-20.0,6.1,106.9,107.6,42.0,18.0,83.0
-52.74,47.62,ST JOHN'S A,8403506,1977-03-01,1977,3,1.1,-5.5,-2.2,10.0,-11.8,40.9,16.8,56.7,4.0,21.0,102.0
-52.74,47.62,ST JOHN'S A,8403506,1977-04-01,1977,4,5.5,-1.9,1.8,18.5,-7.6,38.7,31.8,72.1,0.0,32.0,78.0
-52.74,47.62,ST JOHN'S A,8403506,1977-05-01,1977,5,8.7,0.6,4.7,18.0,-4.4,76.0,2.0,78.0,0.0,13.0,89.0
-52.74,47.62,ST JOHN'S A,8403506,1977-06-01,1977,6,16.5,6.5,11.5,27.8,1.8,95.3,0.0,95.3,0.0,26.0,67.0
-52.74,47.62,ST JOHN'S A,8403506,1977-07-01,1977,7,21.3,10.9,16.1,27.3,7.0,83.0,0.0,83.0,0.0,16.0,107.0
-52.74,47.62,ST JOHN'S A,8403506,1977-08-01,1977,8,20.4,11.8,16.1,28.5,7.3,54.4,0.0,54.4,0.0,24.0,93.0
-52.74,47.62,ST JOHN'S A,8403506,1977-09-01,1977,9,13.8,5.7,9.8,20.1,0.3,177.0,0.0,177.0,0.0,15.0,94.0
-52.74,47.62,ST JOHN'S A,8403506,1977-10-01,1977,10,11.4,3.6,7.5,21.2,-1.0,100.7,0.6,101.3,0.0,25.0,111.0
-52.74,47.62,ST JOHN'S A,8403506,1977-11-01,1977,11,8.1,1.1,4.6,18.3,-5.3,70.4,12.0,84.2,1.0,24.0,111.0
-52.74,47.62,ST JOHN'S A,8403506,1977-12-01,1977,12,1.1,-4.8,-1.9,9.8,-15.1,147.5,105.5,259.4,2.0,13.0,130.0
-52.74,47.62,ST JOHN'S A,8403506,1978-01-01,1978,1,0.3,-7.4,-3.6,12.1,-18.3,120.4,95.7,218.0,17.0,24.0,128.0
-52.74,47.62,ST JOHN'S A,8403506,1978-02-01,1978,2,-1.5,-6.1,-3.8,2.9,-11.4,2.4,100.7,104.7,42.0,32.0,106.0
-52.74,47.62,ST JOHN'S A,8403506,1978-03-01,1978,3,0.3,-7.5,-3.6,9.5,-15.1,39.1,135.4,183.1,24.0,24.0,113.0
-52.74,47.62,ST JOHN'S A,8403506,1978-04-01,1978,4,3.5,-4.2,-0.4,13.2,-14.8,59.1,116.1,188.1,0.0,32.0,87.0
-52.74,47.62,ST JOHN'S A,8403506,1978-05-01,1978,5,9.1,0.2,4.7,19.0,-6.1,40.1,4.9,47.7,0.0,25.0,120.0
-52.74,47.62,ST JOHN'S A,8403506,1978-06-01,1978,6,17.9,7.0,12.5,25.7,-0.8,57.2,0.0,57.2,0.0,22.0,89.0
-52.74,47.62,ST JOHN'S A,8403506,1978-07-01,1978,7,20.7,10.4,15.6,26.3,6.1,84.9,0.0,84.9,0.0,24.0,74.0
-52.74,47.62,ST JOHN'S A,8403506,1978-08-01,1978,8,19.7,9.6,14.7,28.6,3.8,49.5,0.0,49.5,0.0,24.0,87.0
-52.74,47.62,ST JOHN'S A,8403506,1978-09-01,1978,9,13.7,5.2,9.5,22.8,-0.6,216.8,0.0,216.8,0.0,34.0,106.0
-52.74,47.62,ST JOHN'S A,8403506,1978-10-01,1978,10,9.5,1.8,5.7,20.6,-3.8,117.2,1.8,119.4,0.0,24.0,106.0
-52.74,47.62,ST JOHN'S A,8403506,1978-11-01,1978,11,5.4,-4.3,0.6,13.1,-12.6,66.5,31.5,96.9,2.0,21.0,107.0
-52.74,47.62,ST JOHN'S A,8403506,1978-12-01,1978,12,-0.3,-5.7,-3.0,7.0,-12.4,70.5,83.2,152.4,3.0,14.0,130.0
-52.74,47.62,ST JOHN'S A,8403506,1979-01-01,1979,1,1.5,-5.1,-1.8,15.2,-17.0,143.5,70.8,213.6,0.0,4.0,119.0
-52.74,47.62,ST JOHN'S A,8403506,1979-02-01,1979,2,-4.0,-10.1,-7.1,8.6,-18.6,29.2,47.7,80.3,10.0,31.0,100.0
-52.74,47.62,ST JOHN'S A,8403506,1979-03-01,1979,3,4.8,-3.5,0.7,14.6,-14.5,105.4,25.5,138.8,0.0,18.0,100.0
-52.74,47.62,ST JOHN'S A,8403506,1979-04-01,1979,4,3.5,-2.1,0.7,12.0,-5.0,85.6,23.3,109.8,0.0,32.0,100.0
-52.74,47.62,ST JOHN'S A,8403506,1979-05-01,1979,5,11.3,2.9,7.1,23.4,-1.9,88.9,14.1,107.1,0.0,24.0,91.0
-52.74,47.62,ST JOHN'S A,8403506,1979-06-01,1979,6,17.7,6.8,12.3,26.0,-0.9,61.4,0.0,61.4,0.0,18.0,76.0
-52.74,47.62,ST JOHN'S A,8403506,1979-07-01,1979,7,21.0,10.5,15.8,27.4,3.9,61.7,0.0,61.7,0.0,22.0,93.0
-52.74,47.62,ST JOHN'S A,8403506,1979-08-01,1979,8,19.7,11.2,15.5,29.6,7.0,128.9,0.0,128.9,0.0,23.0,80.0
-52.74,47.62,ST JOHN'S A,8403506,1979-09-01,1979,9,15.2,6.3,10.8,21.4,-0.8,108.2,0.0,108.2,0.0,22.0,93.0
-52.74,47.62,ST JOHN'S A,8403506,1979-10-01,1979,10,11.6,3.6,7.6,21.3,-3.5,223.2,3.9,227.3,0.0,22.0,106.0
-52.74,47.62,ST JOHN'S A,8403506,1979-11-01,1979,11,7.4,0.1,3.8,18.5,-6.6,98.7,5.4,104.1,0.0,25.0,115.0
-52.74,47.62,ST JOHN'S A,8403506,1979-12-01,1979,12,1.5,-5.3,-1.9,13.8,-15.6,107.7,43.1,148.9,1.0,24.0,126.0
-52.74,47.62,ST JOHN'S A,8403506,1980-01-01,1980,1,-1.9,-8.6,-5.3,4.3,-19.7,88.1,47.3,132.6,19.0,28.0,111.0
-52.74,47.62,ST JOHN'S A,8403506,1980-02-01,1980,2,-1.3,-8.5,-4.9,9.2,-19.7,65.3,88.5,154.2,32.0,5.0,107.0
-52.74,47.62,ST JOHN'S A,8403506,1980-03-01,1980,3,0.6,-4.8,-2.1,9.0,-12.8,92.8,63.0,156.4,5.0,22.0,93.0
-52.74,47.62,ST JOHN'S A,8403506,1980-04-01,1980,4,4.5,-2.9,0.8,13.1,-10.9,40.7,5.9,47.0,0.0,15.0,91.0
-52.74,47.62,ST JOHN'S A,8403506,1980-05-01,1980,5,8.1,0.5,4.3,18.6,-4.6,166.3,6.0,172.3,0.0,8.0,80.0
-52.74,47.62,ST JOHN'S A,8403506,1980-06-01,1980,6,16.7,6.9,11.8,25.1,2.4,124.0,0.0,124.0,0.0,25.0,89.0
-52.74,47.62,ST JOHN'S A,8403506,1980-07-01,1980,7,17.9,10.3,14.1,26.8,5.4,109.3,0.0,109.3,0.0,24.0,85.0
-52.74,47.62,ST JOHN'S A,8403506,1980-08-01,1980,8,16.0,8.7,12.4,23.8,3.5,216.7,0.0,216.7,0.0,32.0,74.0
-52.74,47.62,ST JOHN'S A,8403506,1980-09-01,1980,9,14.9,5.8,10.4,22.0,-1.0,174.6,0.0,174.6,0.0,25.0,89.0
-52.74,47.62,ST JOHN'S A,8403506,1980-10-01,1980,10,9.9,2.7,6.3,18.6,-2.5,205.1,11.7,216.8,0.0,11.0,85.0
-52.74,47.62,ST JOHN'S A,8403506,1980-11-01,1980,11,5.1,-0.2,2.5,12.1,-7.5,160.6,30.5,194.6,0.0,16.0,120.0
-52.74,47.62,ST JOHN'S A,8403506,1980-12-01,1980,12,1.8,-5.6,-1.9,11.8,-15.6,102.5,27.8,128.5,0.0,25.0,115.0
-52.74,47.62,ST JOHN'S A,8403506,1981-01-01,1981,1,0.6,-6.4,-2.9,11.0,-13.7,106.0,103.1,214.8,24.0,15.0,102.0
-52.74,47.62,ST JOHN'S A,8403506,1981-02-01,1981,2,1.2,-6.8,-2.8,13.7,-16.8,76.7,13.8,87.9,0.0,23.0,111.0
-52.74,47.62,ST JOHN'S A,8403506,1981-03-01,1981,3,1.9,-3.2,-0.7,6.6,-9.2,104.5,37.6,142.4,3.0,25.0,104.0
-52.74,47.62,ST JOHN'S A,8403506,1981-04-01,1981,4,7.0,-1.2,2.9,15.1,-9.7,43.9,23.4,71.4,0.0,19.0,100.0
-52.74,47.62,ST JOHN'S A,8403506,1981-05-01,1981,5,13.9,3.9,8.9,24.2,-2.4,61.2,0.0,61.2,0.0,18.0,85.0
-52.74,47.62,ST JOHN'S A,8403506,1981-06-01,1981,6,15.5,6.5,11.0,25.2,-1.0,142.8,0.0,142.8,0.0,22.0,74.0
-52.74,47.62,ST JOHN'S A,8403506,1981-07-01,1981,7,19.3,9.6,14.5,28.2,4.2,133.3,0.0,133.3,0.0,33.0,96.0
-52.74,47.62,ST JOHN'S A,8403506,1981-08-01,1981,8,19.9,10.3,15.1,27.7,4.5,106.0,0.0,106.0,0.0,26.0,70.0
-52.74,47.62,ST JOHN'S A,8403506,1981-09-01,1981,9,14.9,8.4,11.7,19.9,2.7,186.9,0.0,186.9,0.0,18.0,107.0
-52.74,47.62,ST JOHN'S A,8403506,1981-10-01,1981,10,11.5,4.7,8.1,17.7,-3.2,320.0,2.0,322.0,0.0,15.0,111.0
-52.74,47.62,ST JOHN'S A,8403506,1981-11-01,1981,11,7.0,1.0,4.0,15.4,-4.1,190.2,2.1,192.3,0.0,18.0,107.0
-52.74,47.62,ST JOHN'S A,8403506,1981-12-01,1981,12,2.8,-2.1,0.4,12.7,-11.5,81.0,30.1,112.4,13.0,35.0,107.0
-52.74,47.62,ST JOHN'S A,8403506,1982-01-01,1982,1,-0.8,-7.5,-4.2,7.4,-17.3,78.1,143.2,227.9,68.0,16.0,126.0
-52.74,47.62,ST JOHN'S A,8403506,1982-02-01,1982,2,-3.2,-10.9,-7.1,8.6,-18.7,69.9,94.9,158.9,88.0,27.0,119.0
-52.74,47.62,ST JOHN'S A,8403506,1982-03-01,1982,3,0.3,-8.2,-4.0,13.2,-19.4,47.8,44.9,89.1,12.0,18.0,98.0
-52.74,47.62,ST JOHN'S A,8403506,1982-04-01,1982,4,6.9,-3.0,2.0,20.0,-10.4,53.1,21.1,73.0,0.0,16.0,117.0
-52.74,47.62,ST JOHN'S A,8403506,1982-05-01,1982,5,9.8,1.2,5.5,17.7,-3.0,165.9,0.8,166.7,0.0,25.0,67.0
-52.74,47.62,ST JOHN'S A,8403506,1982-06-01,1982,6,11.3,2.7,7.0,19.0,-2.2,154.9,0.0,154.9,0.0,6.0,85.0
-52.74,47.62,ST JOHN'S A,8403506,1982-07-01,1982,7,21.1,10.0,15.6,30.2,1.4,53.6,0.0,53.6,0.0,14.0,78.0
-52.74,47.62,ST JOHN'S A,8403506,1982-08-01,1982,8,19.9,10.8,15.4,26.8,5.6,110.6,0.0,110.6,0.0,28.0,74.0
-52.74,47.62,ST JOHN'S A,8403506,1982-09-01,1982,9,17.0,8.1,12.6,25.5,0.3,251.4,0.0,251.4,0.0,35.0,72.0
-52.74,47.62,ST JOHN'S A,8403506,1982-10-01,1982,10,8.8,1.9,5.4,18.8,-4.0,164.6,0.8,165.4,0.0,3.0,85.0
-52.74,47.62,ST JOHN'S A,8403506,1982-11-01,1982,11,7.5,-0.4,3.6,16.9,-9.6,91.7,11.0,102.5,1.0,28.0,87.0
-52.74,47.62,ST JOHN'S A,8403506,1982-12-01,1982,12,3.1,-5.5,-1.2,12.0,-12.6,138.2,20.4,158.6,0.0,25.0,85.0
-52.74,47.62,ST JOHN'S A,8403506,1983-01-01,1983,1,1.1,-6.7,-2.8,10.5,-16.4,98.3,62.7,150.1,6.0,30.0,85.0
-52.74,47.62,ST JOHN'S A,8403506,1983-02-01,1983,2,-1.0,-7.4,-4.2,7.2,-19.4,61.3,79.6,146.2,16.0,33.0,91.0
-52.74,47.62,ST JOHN'S A,8403506,1983-03-01,1983,3,2.6,-4.9,-1.2,12.8,-20.3,168.2,9.4,176.6,0.0,33.0,93.0
-52.74,47.62,ST JOHN'S A,8403506,1983-04-01,1983,4,7.5,0.1,3.8,19.6,-11.0,135.2,1.6,136.4,0.0,17.0,85.0
-52.74,47.62,ST JOHN'S A,8403506,1983-05-01,1983,5,11.4,3.0,7.2,20.7,-1.5,87.2,0.0,87.2,0.0,26.0,70.0
-52.74,47.62,ST JOHN'S A,8403506,1983-06-01,1983,6,16.9,6.1,11.5,29.3,-0.7,85.8,0.0,85.8,0.0,18.0,89.0
-52.74,47.62,ST JOHN'S A,8403506,1983-07-01,1983,7,21.1,11.8,16.5,31.5,6.5,121.4,0.0,121.4,0.0,23.0,74.0
-52.74,47.62,ST JOHN'S A,8403506,1983-08-01,1983,8,18.2,9.8,14.0,27.9,0.5,140.5,0.0,140.5,0.0,18.0,78.0
-52.74,47.62,ST JOHN'S A,8403506,1983-09-01,1983,9,15.3,8.5,11.9,23.6,2.4,190.9,0.0,190.9,0.0,35.0,74.0
-52.74,47.62,ST JOHN'S A,8403506,1983-10-01,1983,10,11.3,4.1,7.7,19.6,-2.5,213.4,1.2,214.6,0.0,11.0,89.0
-52.74,47.62,ST JOHN'S A,8403506,1983-11-01,1983,11,5.2,-0.8,2.2,13.3,-7.6,95.0,17.9,118.9,3.0,25.0,102.0
-52.74,47.62,ST JOHN'S A,8403506,1983-12-01,1983,12,2.2,-5.2,-1.5,10.6,-12.9,74.9,34.5,111.9,0.0,21.0,130.0
-52.74,47.62,ST JOHN'S A,8403506,1984-01-01,1984,1,-1.0,-9.9,-5.5,13.3,-17.2,124.6,53.2,188.8,2.0,25.0,122.0
-52.74,47.62,ST JOHN'S A,8403506,1984-02-01,1984,2,2.6,-6.4,-1.9,15.6,-17.2,143.7,7.8,151.1,1.0,22.0,102.0
-52.74,47.62,ST JOHN'S A,8403506,1984-03-01,1984,3,1.8,-4.9,-1.6,12.5,-12.7,37.0,112.6,142.7,45.0,23.0,104.0
-52.74,47.62,ST JOHN'S A,8403506,1984-04-01,1984,4,2.7,-3.2,-0.3,9.9,-12.0,207.6,15.9,235.2,0.0,16.0,85.0
-52.74,47.62,ST JOHN'S A,8403506,1984-05-01,1984,5,13.2,3.4,8.3,20.4,-1.8,156.0,0.0,156.0,0.0,24.0,81.0
-52.74,47.62,ST JOHN'S A,8403506,1984-06-01,1984,6,14.0,5.8,9.9,22.7,-0.8,144.4,0.0,144.4,0.0,23.0,74.0
-52.74,47.62,ST JOHN'S A,8403506,1984-07-01,1984,7,23.3,12.5,17.9,28.7,5.4,41.4,0.0,41.4,0.0,18.0,65.0
-52.74,47.62,ST JOHN'S A,8403506,1984-08-01,1984,8,22.3,12.3,17.3,28.6,7.0,204.3,0.0,204.3,0.0,25.0,59.0
-52.74,47.62,ST JOHN'S A,8403506,1984-09-01,1984,9,16.9,7.5,12.2,23.9,0.2,157.8,0.0,157.8,0.0,19.0,93.0
-52.74,47.62,ST JOHN'S A,8403506,1984-10-01,1984,10,8.4,1.6,5.0,15.4,-4.7,78.1,2.6,80.7,0.0,25.0,74.0
-52.74,47.62,ST JOHN'S A,8403506,1984-11-01,1984,11,6.4,-0.8,2.8,17.8,-6.2,88.8,10.7,100.7,0.0,22.0,91.0
-52.74,47.62,ST JOHN'S A,8403506,1984-12-01,1984,12,2.0,-6.0,-2.0,14.5,-19.7,81.6,34.3,109.1,5.0,28.0,106.0
-52.74,47.62,ST JOHN'S A,8403506,1985-01-01,1985,1,-1.6,-8.8,-5.2,5.2,-15.2,39.4,83.5,111.7,28.0,23.0,115.0
-52.74,47.62,ST JOHN'S A,8403506,1985-02-01,1985,2,-2.2,-9.5,-5.9,8.2,-20.7,23.9,72.7,96.4,26.0,25.0,93.0
-52.74,47.62,ST JOHN'S A,8403506,1985-03-01,1985,3,-1.0,-9.2,-5.1,5.6,-22.5,48.8,51.5,102.3,16.0,28.0,104.0
-52.74,47.62,ST JOHN'S A,8403506,1985-04-01,1985,4,3.5,-3.6,-0.1,12.3,-8.9,33.3,43.4,96.2,0.0,2.0,109.0
-52.74,47.62,ST JOHN'S A,8403506,1985-05-01,1985,5,9.3,-0.5,4.4,20.3,-5.7,154.7,9.0,168.6,0.0,23.0,96.0
-52.74,47.62,ST JOHN'S A,8403506,1985-06-01,1985,6,15.6,5.1,10.4,25.7,-0.4,88.9,0.0,88.9,0.0,17.0,70.0
-52.74,47.62,ST JOHN'S A,8403506,1985-07-01,1985,7,22.6,12.4,17.5,30.8,7.4,108.8,0.0,108.8,0.0,22.0,83.0
-52.74,47.62,ST JOHN'S A,8403506,1985-08-01,1985,8,17.8,10.0,13.9,26.0,6.8,100.9,0.0,100.9,0.0,33.0,74.0
-52.74,47.62,ST JOHN'S A,8403506,1985-09-01,1985,9,15.1,6.8,11.0,22.9,0.8,54.2,0.0,54.2,0.0,26.0,100.0
-52.74,47.62,ST JOHN'S A,8403506,1985-10-01,1985,10,9.5,2.0,5.8,17.9,-2.3,72.5,11.0,85.9,0.0,16.0,91.0
-52.74,47.62,ST JOHN'S A,8403506,1985-11-01,1985,11,3.2,-2.6,0.3,10.4,-7.5,69.6,30.7,103.7,0.0,4.0,107.0
-52.74,47.62,ST JOHN'S A,8403506,1985-12-01,1985,12,0.0,-6.3,-3.2,12.6,-12.0,46.0,80.7,113.8,25.0,28.0,130.0
-52.74,47.62,ST JOHN'S A,8403506,1986-01-01,1986,1,1.9,-7.0,-2.6,13.4,-18.0,68.7,52.7,117.5,0.0,27.0,119.0
-52.74,47.62,ST JOHN'S A,8403506,1986-02-01,1986,2,-2.3,-8.7,-5.5,6.3,-16.3,102.3,65.6,184.9,4.0,25.0,135.0
-52.74,47.62,ST JOHN'S A,8403506,1986-03-01,1986,3,0.6,-8.1,-3.8,11.6,-23.8,127.0,46.3,175.3,0.0,28.0,119.0
-52.74,47.62,ST JOHN'S A,8403506,1986-04-01,1986,4,8.5,0.0,4.3,24.1,-8.2,124.2,4.4,129.2,0.0,24.0,93.0
-52.74,47.62,ST JOHN'S A,8403506,1986-05-01,1986,5,10.4,1.7,6.1,25.4,-1.9,19.4,20.3,43.4,0.0,29.0,67.0
-52.74,47.62,ST JOHN'S A,8403506,1986-06-01,1986,6,17.4,6.3,11.9,26.9,1.4,130.2,0.0,130.2,0.0,25.0,91.0
-52.74,47.62,ST JOHN'S A,8403506,1986-07-01,1986,7,17.0,9.0,13.0,26.6,5.6,87.8,0.0,87.8,0.0,22.0,81.0
-52.74,47.62,ST JOHN'S A,8403506,1986-08-01,1986,8,19.4,10.8,15.1,24.8,6.2,60.6,0.0,60.6,0.0,14.0,74.0
-52.74,47.62,ST JOHN'S A,8403506,1986-09-01,1986,9,13.1,6.3,9.7,18.7,-0.5,118.1,0.0,118.1,0.0,32.0,74.0
-52.74,47.62,ST JOHN'S A,8403506,1986-10-01,1986,10,8.6,2.1,5.4,17.0,-3.5,155.0,2.2,157.2,0.0,26.0,89.0
-52.74,47.62,ST JOHN'S A,8403506,1986-11-01,1986,11,4.4,-3.1,0.7,12.8,-10.0,127.6,64.9,203.1,1.0,27.0,113.0
-52.74,47.62,ST JOHN'S A,8403506,1986-12-01,1986,12,-0.4,-7.3,-3.9,5.6,-18.6,32.4,50.6,80.8,2.0,28.0,122.0
-52.74,47.62,ST JOHN'S A,8403506,1987-01-01,1987,1,-2.2,-8.7,-5.5,5.6,-15.6,55.2,129.2,174.6,67.0,34.0,83.0
-52.74,47.62,ST JOHN'S A,8403506,1987-02-01,1987,2,-2.1,-7.8,-5.0,3.9,-15.3,44.0,132.4,175.1,108.0,3.0,120.0
-52.74,47.62,ST JOHN'S A,8403506,1987-03-01,1987,3,-0.6,-6.2,-3.4,6.0,-18.7,107.6,50.1,149.7,56.0,35.0,85.0
-52.74,47.62,ST JOHN'S A,8403506,1987-04-01,1987,4,5.9,-2.0,2.0,15.7,-7.0,119.3,1.3,120.9,0.0,26.0,87.0
-52.74,47.62,ST JOHN'S A,8403506,1987-05-01,1987,5,12.7,2.0,7.4,18.8,-3.8,78.3,1.2,79.9,0.0,22.0,76.0
-52.74,47.62,ST JOHN'S A,8403506,1987-06-01,1987,6,14.2,5.1,9.7,25.5,0.8,37.9,0.0,37.9,0.0,21.0,102.0
-52.74,47.62,ST JOHN'S A,8403506,1987-07-01,1987,7,20.8,10.1,15.5,28.6,4.5,50.8,0.0,50.8,0.0,24.0,72.0
-52.74,47.62,ST JOHN'S A,8403506,1987-08-01,1987,8,18.5,10.5,14.5,25.2,5.2,70.9,0.0,70.9,0.0,22.0,74.0
-52.74,47.62,ST JOHN'S A,8403506,1987-09-01,1987,9,14.7,7.7,11.2,20.2,2.9,112.8,0.0,112.8,0.0,16.0,96.0
-52.74,47.62,ST JOHN'S A,8403506,1987-10-01,1987,10,13.4,4.6,9.0,24.6,-2.0,80.6,0.0,80.6,0.0,22.0,104.0
-52.74,47.62,ST JOHN'S A,8403506,1987-11-01,1987,11,5.2,-2.0,1.6,15.2,-9.1,102.0,23.4,123.7,2.0,19.0,104.0
-52.74,47.62,ST JOHN'S A,8403506,1987-12-01,1987,12,0.5,-4.7,-2.1,11.9,-12.6,102.6,89.5,187.4,38.0,21.0,113.0
-52.74,47.62,ST JOHN'S A,8403506,1988-01-01,1988,1,-1.3,-9.0,-5.2,10.2,-19.1,23.1,63.0,79.9,27.0,25.0,115.0
-52.74,47.62,ST JOHN'S A,8403506,1988-02-01,1988,2,0.7,-8.4,-3.9,9.6,-18.7,144.3,31.3,172.6,1.0,24.0,117.0
-52.74,47.62,ST JOHN'S A,8403506,1988-03-01,1988,3,1.9,-5.0,-1.6,14.5,-12.2,140.1,38.4,171.8,0.0,19.0,109.0
-52.74,47.62,ST JOHN'S A,8403506,1988-04-01,1988,4,3.5,-1.7,0.9,11.2,-5.2,140.0,17.0,159.1,0.0,35.0,85.0
-52.74,47.62,ST JOHN'S A,8403506,1988-05-01,1988,5,14.3,3.3,8.8,24.6,-1.3,86.1,1.5,87.6,0.0,8.0,87.0
-52.74,47.62,ST JOHN'S A,8403506,1988-06-01,1988,6,16.5,6.8,11.7,27.6,0.8,175.9,0.6,176.5,0.0,22.0,78.0
-52.74,47.62,ST JOHN'S A,8403506,1988-07-01,1988,7,19.7,10.7,15.2,25.6,6.4,80.4,0.0,80.4,0.0,24.0,61.0
-52.74,47.62,ST JOHN'S A,8403506,1988-08-01,1988,8,20.4,11.0,15.7,27.2,6.4,75.9,0.0,75.9,0.0,26.0,63.0
-52.74,47.62,ST JOHN'S A,8403506,1988-09-01,1988,9,16.6,7.6,12.1,24.8,2.1,119.5,0.0,119.5,0.0,16.0,85.0
-52.74,47.62,ST JOHN'S A,8403506,1988-10-01,1988,10,11.7,4.9,8.3,22.1,0.2,100.4,0.0,100.4,0.0,26.0,81.0
-52.74,47.62,ST JOHN'S A,8403506,1988-11-01,1988,11,6.3,0.2,3.3,16.9,-8.7,120.6,29.0,153.4,0.0,34.0,98.0
-52.74,47.62,ST JOHN'S A,8403506,1988-12-01,1988,12,0.7,-6.7,-3.0,9.2,-13.2,57.5,66.7,130.1,14.0,28.0,98.0
-52.74,47.62,ST JOHN'S A,8403506,1989-01-01,1989,1,-1.4,-10.5,-6.0,8.8,-17.6,51.0,93.1,141.8,38.0,22.0,120.0
-52.74,47.62,ST JOHN'S A,8403506,1989-02-01,1989,2,-3.2,-11.0,-7.1,10.7,-19.5,55.2,67.6,119.0,18.0,25.0,104.0
-52.74,47.62,ST JOHN'S A,8403506,1989-03-01,1989,3,-0.9,-9.2,-5.1,10.1,-15.4,16.8,84.2,102.5,19.0,18.0,98.0
-52.74,47.62,ST JOHN'S A,8403506,1989-04-01,1989,4,7.0,-1.9,2.6,17.7,-4.0,35.4,10.2,45.8,0.0,24.0,96.0
-52.74,47.62,ST JOHN'S A,8403506,1989-05-01,1989,5,13.5,2.1,7.8,23.5,-6.1,21.3,0.0,21.3,0.0,26.0,78.0
-52.74,47.62,ST JOHN'S A,8403506,1989-06-01,1989,6,16.2,7.3,11.8,25.5,0.8,109.4,0.0,109.4,0.0,19.0,59.0
-52.74,47.62,ST JOHN'S A,8403506,1989-07-01,1989,7,19.8,10.6,15.2,26.8,5.2,97.8,0.0,97.8,0.0,24.0,83.0
-52.74,47.62,ST JOHN'S A,8403506,1989-08-01,1989,8,21.8,12.8,17.3,28.3,6.5,70.7,0.0,70.7,0.0,22.0,100.0
-52.74,47.62,ST JOHN'S A,8403506,1989-09-01,1989,9,18.2,8.0,13.1,27.0,1.3,83.4,0.0,83.4,0.0,20.0,89.0
-52.74,47.62,ST JOHN'S A,8403506,1989-10-01,1989,10,10.1,2.5,6.3,19.5,-2.3,91.3,0.4,91.7,0.0,25.0,96.0
-52.74,47.62,ST JOHN'S A,8403506,1989-11-01,1989,11,7.2,-0.9,3.2,18.4,-8.7,107.0,23.4,130.4,2.0,26.0,102.0
-52.74,47.62,ST JOHN'S A,8403506,1989-12-01,1989,12,-1.7,-8.1,-4.9,6.5,-17.4,73.2,63.0,133.4,24.0,28.0,119.0
-52.74,47.62,ST JOHN'S A,8403506,1990-01-01,1990,1,0.0,-8.8,-4.4,13.5,-15.9,52.5,54.1,101.1,17.0,26.0,115.0
-52.74,47.62,ST JOHN'S A,8403506,1990-02-01,1990,2,-4.5,-14.2,-9.4,10.8,-23.8,75.9,66.1,133.7,9.0,24.0,106.0
-52.74,47.62,ST JOHN'S A,8403506,1990-03-01,1990,3,-0.4,-9.5,-5.0,13.4,-17.8,53.8,17.7,68.7,0.0,24.0,89.0
-52.74,47.62,ST JOHN'S A,8403506,1990-04-01,1990,4,7.1,-1.7,2.7,14.6,-9.4,96.6,6.4,103.6,0.0,20.0,93.0
-52.74,47.62,ST JOHN'S A,8403506,1990-05-01,1990,5,8.3,0.3,4.3,22.6,-2.3,174.8,8.5,183.3,0.0,30.0,100.0
-52.74,47.62,ST JOHN'S A,8403506,1990-06-01,1990,6,17.0,7.2,12.1,24.6,0.1,147.7,0.0,147.7,0.0,24.0,78.0
-52.74,47.62,ST JOHN'S A,8403506,1990-07-01,1990,7,19.4,9.0,14.2,27.3,5.2,41.7,0.0,41.7,0.0,27.0,70.0
-52.74,47.62,ST JOHN'S A,8403506,1990-08-01,1990,8,22.3,13.0,17.7,28.1,6.6,104.8,0.0,104.8,0.0,17.0,70.0
-52.74,47.62,ST JOHN'S A,8403506,1990-09-01,1990,9,16.9,8.2,12.6,24.3,2.9,136.4,0.0,136.4,0.0,34.0,70.0
-52.74,47.62,ST JOHN'S A,8403506,1990-10-01,1990,10,12.5,4.8,8.7,20.0,0.1,216.6,1.6,218.2,0.0,28.0,85.0
-52.74,47.62,ST JOHN'S A,8403506,1990-11-01,1990,11,5.7,0.0,2.9,17.2,-3.0,38.7,30.1,71.7,0.0,32.0,96.0
-52.74,47.62,ST JOHN'S A,8403506,1990-12-01,1990,12,3.4,-5.6,-1.1,15.3,-15.6,113.2,9.4,122.3,0.0,24.0,91.0
-52.74,47.62,ST JOHN'S A,8403506,1991-01-01,1991,1,-3.5,-12.6,-8.1,8.5,-17.9,50.8,85.2,128.6,24.0,27.0,120.0
-52.74,47.62,ST JOHN'S A,8403506,1991-02-01,1991,2,-0.9,-10.6,-5.8,11.5,-20.0,50.9,62.4,107.2,22.0,27.0,85.0
-52.74,47.62,ST JOHN'S A,8403506,1991-03-01,1991,3,1.5,-4.6,-1.6,11.9,-12.2,71.9,42.2,116.8,0.0,25.0,89.0
-52.74,47.62,ST JOHN'S A,8403506,1991-04-01,1991,4,3.7,-2.9,0.4,12.9,-6.4,44.3,20.0,62.3,0.0,33.0,80.0
-52.74,47.62,ST JOHN'S A,8403506,1991-05-01,1991,5,9.2,-0.3,4.5,19.7,-4.0,91.3,23.9,114.8,1.0,33.0,80.0
-52.74,47.62,ST JOHN'S A,8403506,1991-06-01,1991,6,14.6,3.3,9.0,23.4,0.0,52.0,0.6,52.6,0.0,25.0,78.0
-52.74,47.62,ST JOHN'S A,8403506,1991-07-01,1991,7,19.2,8.4,13.8,28.3,4.7,86.9,0.0,86.9,0.0,26.0,67.0
-52.74,47.62,ST JOHN'S A,8403506,1991-08-01,1991,8,18.7,9.9,14.3,25.9,2.5,109.8,0.0,109.8,0.0,29.0,78.0
-52.74,47.62,ST JOHN'S A,8403506,1991-09-01,1991,9,15.9,7.9,11.9,22.8,3.1,104.0,0.0,104.0,0.0,29.0,80.0
-52.74,47.62,ST JOHN'S A,8403506,1991-10-01,1991,10,10.9,4.2,7.6,19.6,-0.6,104.1,12.2,115.5,2.0,19.0,83.0
-52.74,47.62,ST JOHN'S A,8403506,1991-11-01,1991,11,7.3,1.0,4.2,17.1,-4.2,184.6,1.2,185.8,0.0,16.0,80.0
-52.74,47.62,ST JOHN'S A,8403506,1991-12-01,1991,12,0.7,-8.1,-3.7,11.3,-17.3,50.8,106.9,156.0,40.0,19.0,102.0
-52.74,47.62,ST JOHN'S A,8403506,1992-01-01,1992,1,-3.5,-9.9,-6.7,6.6,-19.0,51.2,42.4,89.3,18.0,19.0,93.0
-52.74,47.62,ST JOHN'S A,8403506,1992-02-01,1992,2,-1.6,-11.6,-6.6,5.1,-20.6,43.4,112.0,173.2,33.0,27.0,91.0
-52.74,47.62,ST JOHN'S A,8403506,1992-03-01,1992,3,0.8,-7.4,-3.3,9.0,-17.0,83.5,52.4,144.0,0.0,19.0,111.0
-52.74,47.62,ST JOHN'S A,8403506,1992-04-01,1992,4,2.3,-4.0,-0.9,11.6,-8.4,83.8,35.3,126.1,0.0,29.0,82.0
-52.74,47.62,ST JOHN'S A,8403506,1992-05-01,1992,5,11.5,0.9,6.2,23.4,-3.6,90.4,0.6,91.0,0.0,27.0,87.0
-52.74,47.62,ST JOHN'S A,8403506,1992-06-01,1992,6,15.4,5.7,10.6,23.5,0.7,112.9,0.0,112.9,0.0,36.0,72.0
-52.74,47.62,ST JOHN'S A,8403506,1992-07-01,1992,7,17.0,7.7,12.4,25.7,1.6,139.9,0.0,139.9,0.0,26.0,67.0
-52.74,47.62,ST JOHN'S A,8403506,1992-08-01,1992,8,19.6,10.6,15.1,25.5,4.4,73.2,0.0,73.2,0.0,32.0,93.0
-52.74,47.62,ST JOHN'S A,8403506,1992-09-01,1992,9,17.2,8.6,13.0,25.3,1.4,100.6,0.0,100.6,0.0,33.0,89.0
-52.74,47.62,ST JOHN'S A,8403506,1992-10-01,1992,10,9.9,3.2,6.6,16.2,-2.3,169.5,0.0,169.5,0.0,2.0,120.0
-52.74,47.62,ST JOHN'S A,8403506,1992-11-01,1992,11,2.6,-3.2,-0.3,15.3,-10.2,35.6,20.0,55.0,0.0,2.0,82.0
-52.74,47.62,ST JOHN'S A,8403506,1992-12-01,1992,12,0.1,-6.0,-3.0,11.0,-13.4,51.8,60.1,115.2,15.0,25.0,100.0
-52.74,47.62,ST JOHN'S A,8403506,1993-01-01,1993,1,-3.1,-11.3,-7.3,10.7,-19.5,40.4,68.7,100.6,3.0,22.0,115.0
-52.74,47.62,ST JOHN'S A,8403506,1993-02-01,1993,2,-1.1,-11.2,-6.2,11.3,-22.0,126.0,61.8,177.5,3.0,19.0,102.0
-52.74,47.62,ST JOHN'S A,8403506,1993-03-01,1993,3,0.6,-7.8,-3.6,11.1,-13.6,45.5,83.9,148.0,0.0,21.0,111.0
-52.74,47.62,ST JOHN'S A,8403506,1993-04-01,1993,4,5.8,-2.2,1.8,18.1,-10.2,81.8,16.8,96.4,0.0,19.0,67.0
-52.74,47.62,ST JOHN'S A,8403506,1993-05-01,1993,5,9.8,1.2,5.6,23.4,-6.7,63.6,2.9,66.5,0.0,35.0,78.0
-52.74,47.62,ST JOHN'S A,8403506,1993-06-01,1993,6,13.5,4.9,9.3,25.7,-0.5,185.7,0.0,185.7,0.0,30.0,82.0
-52.74,47.62,ST JOHN'S A,8403506,1993-07-01,1993,7,16.6,8.2,12.4,25.4,3.0,140.4,0.0,140.4,0.0,15.0,59.0
-52.74,47.62,ST JOHN'S A,8403506,1993-08-01,1993,8,18.2,10.0,14.1,28.2,3.7,111.0,0.0,111.0,0.0,31.0,63.0
-52.74,47.62,ST JOHN'S A,8403506,1993-09-01,1993,9,16.5,7.9,12.2,23.0,1.5,91.0,0.0,91.0,0.0,26.0,63.0
-52.74,47.62,ST JOHN'S A,8403506,1993-10-01,1993,10,10.0,1.7,5.9,18.8,-2.8,162.8,1.2,164.0,0.0,14.0,83.0
-52.74,47.62,ST JOHN'S A,8403506,1993-11-01,1993,11,6.2,-2.2,2.0,15.1,-13.4,124.7,24.4,152.3,0.0,16.0,87.0
-52.74,47.62,ST JOHN'S A,8403506,1993-12-01,1993,12,3.2,-3.6,-0.2,14.8,-16.3,70.9,46.5,121.0,28.0,28.0,109.0
-52.74,47.62,ST JOHN'S A,8403506,1994-01-01,1994,1,-0.5,-10.6,-5.5,10.4,-18.8,71.4,83.5,147.4,4.0,19.0,115.0
-52.74,47.62,ST JOHN'S A,8403506,1994-02-01,1994,2,-5.4,-13.6,-9.5,1.9,-22.4,4.8,103.6,104.0,63.0,35.0,95.0
-52.74,47.62,ST JOHN'S A,8403506,1994-03-01,1994,3,1.5,-6.4,-2.4,12.7,-17.8,145.2,45.7,222.4,13.0,22.0,107.0
-52.74,47.62,ST JOHN'S A,8403506,1994-04-01,1994,4,7.1,-2.3,2.4,15.3,-12.7,70.9,14.2,86.4,0.0,18.0,98.0
-52.74,47.62,ST JOHN'S A,8403506,1994-05-01,1994,5,10.6,1.0,5.8,20.5,-3.5,121.1,0.4,121.7,0.0,25.0,91.0
-52.74,47.62,ST JOHN'S A,8403506,1994-06-01,1994,6,17.4,5.4,11.4,24.7,-0.5,74.8,0.0,74.8,0.0,17.0,72.0
-52.74,47.62,ST JOHN'S A,8403506,1994-07-01,1994,7,21.9,11.6,16.8,27.2,6.0,87.8,0.0,87.8,0.0,23.0,80.0
-52.74,47.62,ST JOHN'S A,8403506,1994-08-01,1994,8,22.1,13.1,17.6,27.7,7.4,76.6,0.0,76.6,0.0,25.0,72.0
-52.74,47.62,ST JOHN'S A,8403506,1994-09-01,1994,9,15.3,8.2,11.8,23.1,2.4,177.0,0.0,177.0,0.0,21.0,89.0
-52.74,47.62,ST JOHN'S A,8403506,1994-10-01,1994,10,11.5,4.8,8.2,20.1,-1.9,186.9,0.0,186.9,0.0,1.0,109.0
-52.74,47.62,ST JOHN'S A,8403506,1994-11-01,1994,11,6.1,-0.8,2.7,17.1,-10.0,100.4,35.6,139.6,1.0,34.0,91.0
-52.74,47.62,ST JOHN'S A,8403506,1994-12-01,1994,12,-0.5,-6.2,-3.4,4.1,-14.5,128.8,86.6,213.0,9.0,4.0,126.0
-52.74,47.62,ST JOHN'S A,8403506,1995-01-01,1995,1,-0.5,-7.5,-4.0,9.3,-16.8,49.7,152.1,209.8,78.0,21.0,113.0
-52.74,47.62,ST JOHN'S A,8403506,1995-02-01,1995,2,-2.0,-11.1,-6.6,7.5,-16.2,28.6,101.7,140.8,85.0,26.0,133.0
-52.74,47.62,ST JOHN'S A,8403506,1995-03-01,1995,3,0.8,-6.9,-3.1,11.4,-15.7,76.0,56.8,148.0,2.0,21.0,82.0
-52.74,47.62,ST JOHN'S A,8403506,1995-04-01,1995,4,4.9,-2.8,1.1,13.4,-11.3,76.2,13.2,92.0,0.0,1.0,82.0
-52.74,47.62,ST JOHN'S A,8403506,1995-05-01,1995,5,8.2,0.4,4.3,18.7,-3.9,51.4,1.2,52.6,0.0,35.0,74.0
-52.74,47.62,ST JOHN'S A,8403506,1995-06-01,1995,6,16.6,5.2,10.9,24.8,-0.1,48.3,0.0,48.3,0.0,17.0,85.0
-52.74,47.62,ST JOHN'S A,8403506,1995-07-01,1995,7,20.5,10.3,15.4,28.2,4.3,103.9,0.0,103.9,0.0,24.0,74.0
-52.74,47.62,ST JOHN'S A,8403506,1995-08-01,1995,8,19.6,8.9,14.3,29.2,4.0,139.7,0.0,139.7,0.0,7.0,96.0
-52.74,47.62,ST JOHN'S A,8403506,1995-09-01,1995,9,16.5,7.4,12.0,22.5,0.6,92.5,0.0,92.5,0.0,29.0,128.0
-52.74,47.62,ST JOHN'S A,8403506,1995-10-01,1995,10,11.5,4.4,8.0,19.0,-0.8,157.3,0.0,157.3,0.0,21.0,100.0
-52.74,47.62,ST JOHN'S A,8403506,1995-11-01,1995,11,6.8,0.0,3.4,13.7,-7.0,186.6,28.2,218.9,0.0,18.0,124.0
-52.74,47.62,ST JOHN'S A,8403506,1995-12-01,1995,12,0.2,-5.8,-2.8,8.0,-13.9,100.0,118.7,226.7,7.0,36.0,113.0
-52.74,47.62,ST JOHN'S A,8403506,1996-01-01,1996,1,-1.1,-9.0,-5.1,11.6,-16.9,50.9,48.8,94.8,3.0,18.0,111.0
-52.74,47.62,ST JOHN'S A,8403506,1996-02-01,1996,2,2.1,-5.5,-1.7,16.0,-14.8,88.1,38.8,125.5,0.0,18.0,95.0
-52.74,47.62,ST JOHN'S A,8403506,1996-03-01,1996,3,1.4,-5.7,-2.2,10.8,-13.7,33.9,39.1,70.1,0.0,25.0,107.0
-52.74,47.62,ST JOHN'S A,8403506,1996-04-01,1996,4,4.9,-1.2,1.9,13.8,-4.0,81.0,31.2,115.7,0.0,3.0,67.0
-52.74,47.62,ST JOHN'S A,8403506,1996-05-01,1996,5,10.6,1.2,5.9,18.2,-3.8,89.8,1.5,91.3,0.0,26.0,72.0
-52.74,47.62,ST JOHN'S A,8403506,1996-06-01,1996,6,15.3,5.0,10.2,23.6,0.1,101.5,0.0,101.5,0.0,26.0,74.0
-52.74,47.62,ST JOHN'S A,8403506,1996-07-01,1996,7,21.1,11.7,16.4,26.1,6.7,127.5,0.0,127.5,0.0,34.0,74.0
-52.74,47.62,ST JOHN'S A,8403506,1996-08-01,1996,8,21.7,12.2,17.0,31.0,3.6,94.4,0.0,94.4,0.0,30.0,61.0
-52.74,47.62,ST JOHN'S A,8403506,1996-09-01,1996,9,14.7,6.4,10.5,22.5,2.4,121.2,0.0,121.2,0.0,28.0,74.0
-52.74,47.62,ST JOHN'S A,8403506,1996-10-01,1996,10,9.4,3.6,6.5,19.7,-0.6,127.2,0.8,128.0,0.0,12.0,85.0
-52.74,47.62,ST JOHN'S A,8403506,1996-11-01,1996,11,6.1,0.3,3.2,13.7,-4.3,140.5,50.6,191.1,9.0,26.0,83.0
-52.74,47.62,ST JOHN'S A,8403506,1996-12-01,1996,12,3.4,-2.2,0.6,13.7,-10.4,173.3,26.9,199.6,0.0,27.0,93.0
-52.74,47.62,ST JOHN'S A,8403506,1997-01-01,1997,1,-0.8,-8.1,-4.5,5.9,-16.3,63.6,89.0,151.0,9.0,22.0,119.0
-52.74,47.62,ST JOHN'S A,8403506,1997-02-01,1997,2,-2.4,-10.5,-6.5,6.6,-17.5,27.5,79.1,102.8,26.0,18.0,83.0
-52.74,47.62,ST JOHN'S A,8403506,1997-03-01,1997,3,-1.4,-9.7,-5.6,6.7,-18.5,53.2,71.6,126.5,8.0,14.0,102.0
-52.74,47.62,ST JOHN'S A,8403506,1997-04-01,1997,4,2.4,-2.4,0.0,7.0,-6.1,72.6,60.3,134.2,27.0,6.0,80.0
-52.74,47.62,ST JOHN'S A,8403506,1997-05-01,1997,5,10.4,1.0,5.7,18.3,-1.4,130.7,7.0,137.7,0.0,25.0,87.0
-52.74,47.62,ST JOHN'S A,8403506,1997-06-01,1997,6,14.5,5.9,10.2,23.6,0.0,77.5,0.0,77.5,0.0,32.0,74.0
-52.74,47.62,ST JOHN'S A,8403506,1997-07-01,1997,7,20.7,9.5,15.1,27.7,2.5,59.8,0.0,59.8,0.0,34.0,78.0
-52.74,47.62,ST JOHN'S A,8403506,1997-08-01,1997,8,20.0,11.1,15.6,28.0,5.0,108.1,0.0,108.1,0.0,9.0,67.0
-52.74,47.62,ST JOHN'S A,8403506,1997-09-01,1997,9,15.9,8.7,12.3,21.8,3.9,115.7,0.0,115.7,0.0,16.0,83.0
-52.74,47.62,ST JOHN'S A,8403506,1997-10-01,1997,10,9.3,3.8,6.6,19.6,-2.6,173.7,0.2,174.1,0.0,24.0,83.0
-52.74,47.62,ST JOHN'S A,8403506,1997-11-01,1997,11,4.9,0.2,2.5,16.0,-5.4,57.0,80.2,136.8,17.0,35.0,102.0
-52.74,47.62,ST JOHN'S A,8403506,1997-12-01,1997,12,0.8,-4.1,-1.7,9.7,-11.5,95.5,36.3,127.0,3.0,24.0,120.0
-52.74,47.62,ST JOHN'S A,8403506,1998-01-01,1998,1,-1.7,-7.6,-4.7,5.2,-16.7,50.7,18.1,68.5,0.0,28.0,104.0
-52.74,47.62,ST JOHN'S A,8403506,1998-02-01,1998,2,-0.6,-6.5,-3.6,8.2,-15.2,55.0,7.3,62.0,0.0,29.0,74.0
-52.74,47.62,ST JOHN'S A,8403506,1998-03-01,1998,3,2.0,-4.3,-1.2,9.0,-10.2,45.2,50.4,95.1,0.0,15.0,89.0
-52.74,47.62,ST JOHN'S A,8403506,1998-04-01,1998,4,6.8,-0.7,3.1,16.3,-5.7,221.8,21.0,242.4,0.0,27.0,98.0
-52.74,47.62,ST JOHN'S A,8403506,1998-05-01,1998,5,12.9,3.2,8.0,20.2,-1.4,147.5,5.7,153.0,0.0,33.0,93.0
-52.74,47.62,ST JOHN'S A,8403506,1998-06-01,1998,6,16.0,6.5,11.2,25.1,2.0,102.2,0.0,102.2,0.0,35.0,61.0
-52.74,47.62,ST JOHN'S A,8403506,1998-07-01,1998,7,21.4,12.0,16.7,28.8,7.1,176.0,0.0,176.0,0.0,18.0,70.0
-52.74,47.62,ST JOHN'S A,8403506,1998-08-01,1998,8,21.8,13.0,17.4,28.8,8.1,87.5,0.0,87.5,0.0,18.0,67.0
-52.74,47.62,ST JOHN'S A,8403506,1998-09-01,1998,9,15.6,8.5,12.1,24.4,3.2,185.2,0.0,185.2,0.0,24.0,102.0
-52.74,47.62,ST JOHN'S A,8403506,1998-10-01,1998,10,9.7,4.0,6.9,17.9,-2.9,193.8,0.0,193.8,0.0,16.0,80.0
-52.74,47.62,ST JOHN'S A,8403506,1998-11-01,1998,11,5.9,-0.9,2.5,14.2,-6.2,110.6,22.0,129.9,7.0,24.0,104.0
-52.74,47.62,ST JOHN'S A,8403506,1998-12-01,1998,12,1.8,-5.6,-1.9,13.3,-11.4,94.3,51.3,142.9,2.0,27.0,120.0
-52.74,47.62,ST JOHN'S A,8403506,1999-01-01,1999,1,1.0,-7.7,-3.3,13.9,-14.8,117.7,56.9,171.9,27.0,23.0,107.0
-52.74,47.62,ST JOHN'S A,8403506,1999-02-01,1999,2,2.4,-4.4,-1.0,11.5,-13.2,88.9,41.1,127.8,6.0,25.0,93.0
-52.74,47.62,ST JOHN'S A,8403506,1999-03-01,1999,3,5.1,-2.0,1.6,16.8,-8.9,140.4,15.6,156.0,0.0,26.0,76.0
-52.74,47.62,ST JOHN'S A,8403506,1999-04-01,1999,4,5.6,-0.6,2.5,13.9,-5.1,202.2,95.2,297.0,0.0,29.0,85.0
-52.74,47.62,ST JOHN'S A,8403506,1999-05-01,1999,5,15.9,3.9,9.9,24.4,-3.0,88.6,1.6,90.2,0.0,25.0,65.0
-52.74,47.62,ST JOHN'S A,8403506,1999-06-01,1999,6,18.5,6.4,12.5,27.8,-2.1,95.5,0.0,95.5,0.0,21.0,69.0
-52.74,47.62,ST JOHN'S A,8403506,1999-07-01,1999,7,21.2,11.3,16.3,27.1,5.8,69.2,0.0,69.2,0.0,25.0,72.0
-52.74,47.62,ST JOHN'S A,8403506,1999-08-01,1999,8,21.3,12.6,17.0,26.7,8.9,50.6,0.0,50.6,0.0,25.0,72.0
-52.74,47.62,ST JOHN'S A,8403506,1999-09-01,1999,9,19.1,9.3,14.2,28.6,1.9,61.2,0.0,61.2,0.0,24.0,100.0
-52.74,47.62,ST JOHN'S A,8403506,1999-10-01,1999,10,10.4,2.4,6.4,17.7,-5.4,202.1,0.2,202.3,0.0,25.0,106.0
-52.74,47.62,ST JOHN'S A,8403506,1999-11-01,1999,11,7.2,-1.2,3.0,14.1,-7.1,122.1,13.4,135.6,0.0,19.0,74.0
-52.74,47.62,ST JOHN'S A,8403506,1999-12-01,1999,12,2.9,-3.0,0.0,13.3,-11.1,112.7,36.0,148.0,6.0,34.0,82.0
-52.74,47.62,ST JOHN'S A,8403506,2000-01-01,2000,1,2.3,-5.2,-1.5,15.0,-12.3,138.9,66.4,203.7,5.0,26.0,96.0
-52.74,47.62,ST JOHN'S A,8403506,2000-02-01,2000,2,-0.1,-8.0,-4.1,11.5,-16.7,22.0,47.9,65.1,0.0,28.0,85.0
-52.74,47.62,ST JOHN'S A,8403506,2000-03-01,2000,3,3.5,-3.3,0.1,14.2,-9.0,121.5,66.4,184.3,0.0,28.0,95.0
-52.74,47.62,ST JOHN'S A,8403506,2000-04-01,2000,4,7.1,-1.7,2.7,16.1,-6.9,74.4,21.6,95.6,0.0,25.0,67.0
-52.74,47.62,ST JOHN'S A,8403506,2000-05-01,2000,5,11.2,1.1,6.2,20.4,-5.3,80.7,2.0,82.7,0.0,23.0,78.0
-52.74,47.62,ST JOHN'S A,8403506,2000-06-01,2000,6,16.8,6.1,11.5,25.4,-0.4,76.0,0.0,76.0,0.0,26.0,69.0
-52.74,47.62,ST JOHN'S A,8403506,2000-07-01,2000,7,20.1,11.3,15.7,25.9,8.2,79.6,0.0,79.6,0.0,19.0,56.0
-52.74,47.62,ST JOHN'S A,8403506,2000-08-01,2000,8,21.5,12.7,17.1,28.1,6.4,93.1,0.0,93.1,0.0,3.0,56.0
-52.74,47.62,ST JOHN'S A,8403506,2000-09-01,2000,9,17.3,8.1,12.7,23.6,1.9,106.0,0.0,106.0,0.0,29.0,72.0
-52.74,47.62,ST JOHN'S A,8403506,2000-10-01,2000,10,12.1,4.2,8.2,19.7,-1.7,220.3,0.4,220.7,0.0,23.0,117.0
-52.74,47.62,ST JOHN'S A,8403506,2000-11-01,2000,11,5.6,1.3,3.5,15.2,-8.4,188.1,32.8,218.9,7.0,19.0,70.0
-52.74,47.62,ST JOHN'S A,8403506,2000-12-01,2000,12,1.0,-5.5,-2.3,9.0,-11.3,50.2,173.4,231.6,36.0,27.0,96.0
-52.74,47.62,ST JOHN'S A,8403506,2001-01-01,2001,1,-1.9,-8.6,-5.3,1.4,-15.9,5.7,151.4,156.5,144.0,14.0,70.0
-52.74,47.62,ST JOHN'S A,8403506,2001-02-01,2001,2,-1.1,-9.8,-5.5,4.7,-17.1,66.6,122.6,188.6,76.0,24.0,96.0
-52.74,47.62,ST JOHN'S A,8403506,2001-03-01,2001,3,0.0,-4.7,-2.4,4.6,-12.6,80.9,45.8,125.4,53.0,27.0,87.0
-52.74,47.62,ST JOHN'S A,8403506,2001-04-01,2001,4,2.7,-2.3,0.2,8.6,-6.9,56.4,104.0,160.4,16.0,18.0,82.0
-52.74,47.62,ST JOHN'S A,8403506,2001-05-01,2001,5,8.6,1.2,5.0,22.9,-4.9,95.1,18.0,113.1,0.0,18.0,70.0
-52.74,47.62,ST JOHN'S A,8403506,2001-06-01,2001,6,16.5,6.6,11.6,23.7,3.0,39.1,0.0,39.1,0.0,24.0,80.0
-52.74,47.62,ST JOHN'S A,8403506,2001-07-01,2001,7,21.1,10.3,15.7,28.0,5.1,82.8,0.0,82.8,0.0,27.0,69.0
-52.74,47.62,ST JOHN'S A,8403506,2001-08-01,2001,8,22.1,12.7,17.4,27.4,5.3,52.9,0.0,52.9,0.0,35.0,72.0
-52.74,47.62,ST JOHN'S A,8403506,2001-09-01,2001,9,17.8,8.5,13.2,29.5,2.2,263.8,0.0,263.8,0.0,3.0,87.0
-52.74,47.62,ST JOHN'S A,8403506,2001-10-01,2001,10,13.8,5.0,9.4,19.6,-2.2,81.6,0.4,82.0,0.0,27.0,67.0
-52.74,47.62,ST JOHN'S A,8403506,2001-11-01,2001,11,7.3,-1.0,3.2,17.1,-8.4,101.9,18.6,120.5,5.0,15.0,89.0
-52.74,47.62,ST JOHN'S A,8403506,2001-12-01,2001,12,3.4,-2.0,0.7,12.3,-8.8,191.5,47.8,239.1,8.0,16.0,89.0
-52.74,47.62,ST JOHN'S A,8403506,2002-01-01,2002,1,-2.8,-9.2,-6.0,8.7,-18.7,40.8,139.7,178.1,83.0,32.0,111.0
-52.74,47.62,ST JOHN'S A,8403506,2002-02-01,2002,2,-1.4,-8.1,-4.7,5.9,-16.3,45.2,62.9,107.2,14.0,27.0,111.0
-52.74,47.62,ST JOHN'S A,8403506,2002-03-01,2002,3,1.5,-6.5,-2.5,10.9,-14.2,90.6,49.0,140.0,0.0,28.0,120.0
-52.74,47.62,ST JOHN'S A,8403506,2002-04-01,2002,4,5.1,-2.2,1.5,15.8,-5.9,24.1,67.0,91.1,0.0,26.0,80.0
-52.74,47.62,ST JOHN'S A,8403506,2002-05-01,2002,5,12.3,1.8,7.1,19.6,-3.8,94.1,7.6,101.7,0.0,24.0,85.0
-52.74,47.62,ST JOHN'S A,8403506,2002-06-01,2002,6,15.4,5.2,10.4,24.9,1.0,53.2,0.0,53.2,0.0,24.0,72.0
-52.74,47.62,ST JOHN'S A,8403506,2002-07-01,2002,7,21.3,10.1,15.8,28.8,5.5,121.9,0.0,121.9,0.0,25.0,56.0
-52.74,47.62,ST JOHN'S A,8403506,2002-08-01,2002,8,21.5,11.7,16.7,29.1,2.3,40.2,0.0,40.2,0.0,27.0,74.0
-52.74,47.62,ST JOHN'S A,8403506,2002-09-01,2002,9,16.9,7.4,12.2,22.9,1.9,104.6,0.0,104.6,0.0,22.0,93.0
-52.74,47.62,ST JOHN'S A,8403506,2002-10-01,2002,10,9.4,1.9,5.7,18.2,-3.7,78.1,0.2,78.3,0.0,17.0,85.0
-52.74,47.62,ST JOHN'S A,8403506,2002-11-01,2002,11,5.8,-0.9,2.5,17.7,-6.7,72.5,51.1,123.6,12.0,24.0,80.0
-52.74,47.62,ST JOHN'S A,8403506,2002-12-01,2002,12,0.9,-5.1,-2.1,10.2,-13.9,93.1,134.3,224.6,22.0,27.0,95.0
-52.74,47.62,ST JOHN'S A,8403506,2003-01-01,2003,1,-1.7,-7.8,-4.8,5.2,-16.4,46.2,162.3,191.8,76.0,28.0,100.0
-52.74,47.62,ST JOHN'S A,8403506,2003-02-01,2003,2,-2.4,-10.2,-6.3,8.5,-18.1,41.6,89.6,124.2,45.0,30.0,145.0
-52.74,47.62,ST JOHN'S A,8403506,2003-03-01,2003,3,-1.2,-9.4,-5.3,11.3,-19.8,49.0,77.8,121.4,11.0,25.0,100.0
-52.74,47.62,ST JOHN'S A,8403506,2003-04-01,2003,4,4.7,-4.6,0.1,15.6,-10.3,38.2,32.4,69.0,0.0,35.0,67.0
-52.74,47.62,ST JOHN'S A,8403506,2003-05-01,2003,5,10.2,0.6,5.4,20.2,-2.9,115.3,0.0,115.3,0.0,8.0,65.0
-52.74,47.62,ST JOHN'S A,8403506,2003-06-01,2003,6,17.2,5.1,11.2,26.3,1.0,68.5,0.0,68.5,0.0,26.0,76.0
-52.74,47.62,ST JOHN'S A,8403506,2003-07-01,2003,7,22.0,12.9,17.5,28.0,2.6,101.6,0.0,101.6,0.0,26.0,70.0
-52.74,47.62,ST JOHN'S A,8403506,2003-08-01,2003,8,20.8,11.3,16.1,25.4,4.7,76.8,0.0,76.8,0.0,24.0,59.0
-52.74,47.62,ST JOHN'S A,8403506,2003-09-01,2003,9,18.9,10.3,14.6,28.5,5.2,37.2,0.0,37.2,0.0,24.0,70.0
-52.74,47.62,ST JOHN'S A,8403506,2003-10-01,2003,10,15.0,7.6,11.3,22.1,2.2,129.2,0.0,129.2,0.0,27.0,82.0
-52.74,47.62,ST JOHN'S A,8403506,2003-11-01,2003,11,6.6,0.5,3.6,13.9,-3.2,106.4,12.0,118.4,0.0,29.0,104.0
-52.74,47.62,ST JOHN'S A,8403506,2003-12-01,2003,12,3.6,-2.1,0.8,12.9,-7.6,136.6,53.9,189.5,0.0,7.0,82.0
-52.74,47.62,ST JOHN'S A,8403506,2004-01-01,2004,1,-1.7,-7.6,-4.7,4.9,-13.4,31.6,123.1,147.5,58.0,20.0,91.0
-52.74,47.62,ST JOHN'S A,8403506,2004-02-01,2004,2,-0.7,-6.4,-3.6,5.7,-15.5,42.8,47.7,82.9,37.0,26.0,78.0
-52.74,47.62,ST JOHN'S A,8403506,2004-03-01,2004,3,0.6,-5.3,-2.3,9.3,-11.7,50.8,77.4,124.8,38.0,35.0,59.0
-52.74,47.62,ST JOHN'S A,8403506,2004-04-01,2004,4,7.3,-0.5,3.4,18.2,-4.2,77.4,31.8,109.2,0.0,34.0,70.0
-52.74,47.62,ST JOHN'S A,8403506,2004-05-01,2004,5,11.4,0.7,6.1,17.5,-2.5,49.6,0.0,49.6,0.0,27.0,82.0
-52.74,47.62,ST JOHN'S A,8403506,2004-06-01,2004,6,14.1,5.0,9.5,22.9,0.3,39.5,0.0,39.5,0.0,28.0,52.0
-52.74,47.62,ST JOHN'S A,8403506,2004-07-01,2004,7,20.9,11.5,16.3,29.3,7.1,50.0,0.0,50.0,0.0,25.0,52.0
-52.74,47.62,ST JOHN'S A,8403506,2004-08-01,2004,8,22.6,13.2,17.9,28.3,5.0,58.8,0.0,58.8,0.0,23.0,65.0
-52.74,47.62,ST JOHN'S A,8403506,2004-09-01,2004,9,16.4,7.5,12.0,22.8,2.1,205.7,0.0,205.7,0.0,26.0,82.0
-52.74,47.62,ST JOHN'S A,8403506,2004-10-01,2004,10,10.7,5.7,8.2,18.6,-1.0,150.9,27.4,178.3,5.0,33.0,83.0
-52.74,47.62,ST JOHN'S A,8403506,2004-11-01,2004,11,6.0,0.7,3.4,14.8,-6.0,285.9,2.4,288.3,0.0,26.0,83.0
-52.74,47.62,ST JOHN'S A,8403506,2004-12-01,2004,12,3.4,-4.1,-0.3,13.8,-11.2,100.2,56.4,156.4,8.0,28.0,113.0
-52.74,47.62,ST JOHN'S A,8403506,2005-01-01,2005,1,-0.2,-8.6,-4.4,13.0,-14.0,117.1,164.8,276.9,30.0,28.0,96.0
-52.74,47.62,ST JOHN'S A,8403506,2005-02-01,2005,2,-0.5,-6.8,-3.7,7.1,-14.5,96.0,26.6,122.2,16.0,,
-52.74,47.62,ST JOHN'S A,8403506,2005-03-01,2005,3,0.0,-5.9,-2.9,4.8,-13.6,116.7,98.6,214.5,40.0,31.0,70.0
-52.74,47.62,ST JOHN'S A,8403506,2005-04-01,2005,4,6.1,-1.6,2.3,16.5,-8.0,86.0,14.6,100.4,0.0,23.0,83.0
-52.74,47.62,ST JOHN'S A,8403506,2005-05-01,2005,5,9.8,1.8,5.8,20.5,-4.7,133.8,0.2,133.8,0.0,28.0,50.0
-52.74,47.62,ST JOHN'S A,8403506,2005-06-01,2005,6,14.8,5.2,10.0,26.2,0.8,105.0,0.0,105.0,0.0,25.0,70.0
-52.74,47.62,ST JOHN'S A,8403506,2005-07-01,2005,7,22.4,12.1,17.3,26.2,3.6,69.6,0.0,69.6,0.0,26.0,67.0
-52.74,47.62,ST JOHN'S A,8403506,2005-08-01,2005,8,21.3,12.4,16.9,26.3,8.6,130.7,0.0,130.7,0.0,24.0,59.0
-52.74,47.62,ST JOHN'S A,8403506,2005-09-01,2005,9,17.7,9.7,13.7,24.6,2.3,124.3,0.0,124.3,0.0,18.0,96.0
-52.74,47.62,ST JOHN'S A,8403506,2005-10-01,2005,10,11.1,4.9,8.0,20.0,-1.6,190.0,0.0,190.0,0.0,26.0,76.0
-52.74,47.62,ST JOHN'S A,8403506,2005-11-01,2005,11,8.0,0.4,4.2,16.8,-6.5,151.3,9.0,160.3,0.0,23.0,85.0
-52.74,47.62,ST JOHN'S A,8403506,2005-12-01,2005,12,3.8,-2.7,0.5,11.9,-14.8,114.8,51.6,159.0,0.0,26.0,89.0
-52.74,47.62,ST JOHN'S A,8403506,2006-01-01,2006,1,1.8,-4.9,-1.5,15.7,-13.6,104.3,50.3,149.0,11.0,29.0,107.0
-52.74,47.62,ST JOHN'S A,8403506,2006-02-01,2006,2,-0.5,-7.3,-3.9,7.6,-16.0,24.0,170.1,182.8,82.0,25.0,122.0
-52.74,47.62,ST JOHN'S A,8403506,2006-03-01,2006,3,0.4,-4.1,-1.8,3.0,-11.0,39.8,108.7,142.2,57.0,26.0,83.0
-52.74,47.62,ST JOHN'S A,8403506,2006-04-01,2006,4,6.6,-0.7,3.0,12.8,-4.2,223.2,7.6,230.4,0.0,21.0,78.0
-52.74,47.62,ST JOHN'S A,8403506,2006-05-01,2006,5,11.9,2.9,7.4,23.5,-1.5,61.2,0.0,61.2,0.0,17.0,83.0
-52.74,47.62,ST JOHN'S A,8403506,2006-06-01,2006,6,19.3,9.5,14.4,25.9,-0.3,102.6,0.0,102.6,0.0,26.0,78.0
-52.74,47.62,ST JOHN'S A,8403506,2006-07-01,2006,7,21.7,12.9,17.3,27.7,7.1,49.6,0.0,49.6,0.0,26.0,70.0
-52.74,47.62,ST JOHN'S A,8403506,2006-08-01,2006,8,19.6,12.0,15.8,24.7,6.8,139.4,0.0,139.4,0.0,18.0,52.0
-52.74,47.62,ST JOHN'S A,8403506,2006-09-01,2006,9,17.6,9.3,13.5,23.5,5.5,94.8,0.0,94.8,0.0,8.0,102.0
-52.74,47.62,ST JOHN'S A,8403506,2006-10-01,2006,10,11.4,5.3,8.4,19.0,-1.4,145.4,0.0,145.4,0.0,25.0,85.0
-52.74,47.62,ST JOHN'S A,8403506,2006-11-01,2006,11,8.7,1.2,5.0,19.2,-5.6,80.8,4.6,85.0,0.0,18.0,95.0
-52.74,47.62,ST JOHN'S A,8403506,2006-12-01,2006,12,1.9,-4.6,-1.3,11.7,-11.7,94.4,59.6,147.9,5.0,25.0,93.0
-52.74,47.62,ST JOHN'S A,8403506,2007-01-01,2007,1,0.5,-5.7,-2.6,12.5,-16.6,71.8,95.7,151.0,30.0,26.0,104.0
-52.74,47.62,ST JOHN'S A,8403506,2007-02-01,2007,2,-3.0,-9.2,-6.1,4.5,-15.5,47.6,102.2,136.8,68.0,15.0,102.0
-52.74,47.62,ST JOHN'S A,8403506,2007-03-01,2007,3,1.0,-6.1,-2.6,9.8,-15.6,24.6,38.2,59.2,16.0,24.0,93.0
-52.74,47.62,ST JOHN'S A,8403506,2007-04-01,2007,4,3.5,-2.7,0.4,15.0,-6.9,51.8,7.5,59.3,0.0,24.0,80.0
-52.74,47.62,ST JOHN'S A,8403506,2007-05-01,2007,5,10.0,0.6,5.3,21.7,-3.1,66.4,0.0,66.4,0.0,18.0,69.0
-52.74,47.62,ST JOHN'S A,8403506,2007-06-01,2007,6,16.8,6.8,11.8,25.9,-0.7,61.4,0.0,61.4,0.0,31.0,74.0
-52.74,47.62,ST JOHN'S A,8403506,2007-07-01,2007,7,21.9,12.7,17.3,29.6,5.7,114.0,0.0,114.0,0.0,23.0,65.0
-52.74,47.62,ST JOHN'S A,8403506,2007-08-01,2007,8,20.8,12.2,16.5,26.3,8.1,152.3,0.0,152.3,0.0,25.0,70.0
-52.74,47.62,ST JOHN'S A,8403506,2007-09-01,2007,9,16.7,7.2,12.0,22.1,1.9,53.5,0.0,53.5,0.0,16.0,69.0
-52.74,47.62,ST JOHN'S A,8403506,2007-10-01,2007,10,10.9,3.5,7.2,19.1,-1.4,106.6,0.2,106.8,0.0,25.0,72.0
-52.74,47.62,ST JOHN'S A,8403506,2007-11-01,2007,11,8.1,0.5,4.3,16.3,-5.4,232.1,4.2,236.3,0.0,18.0,82.0
-52.74,47.62,ST JOHN'S A,8403506,2007-12-01,2007,12,-1.0,-6.6,-3.8,8.4,-14.6,18.6,134.6,140.2,37.0,14.0,89.0
-52.74,47.62,ST JOHN'S A,8403506,2008-01-01,2008,1,0.1,-7.2,-3.5,9.5,-17.3,75.7,89.8,144.5,22.0,29.0,82.0
-52.74,47.62,ST JOHN'S A,8403506,2008-02-01,2008,2,0.0,-7.8,-3.9,10.9,-14.1,70.6,57.1,118.7,11.0,19.0,106.0
-52.74,47.62,ST JOHN'S A,8403506,2008-03-01,2008,3,0.1,-7.1,-3.5,13.8,-15.6,103.2,119.7,207.6,38.0,4.0,96.0
-52.74,47.62,ST JOHN'S A,8403506,2008-04-01,2008,4,4.9,-2.2,1.4,15.9,-14.1,105.0,4.6,109.2,0.0,26.0,74.0
-52.74,47.62,ST JOHN'S A,8403506,2008-05-01,2008,5,9.7,1.8,5.8,21.5,-1.8,118.9,2.0,120.9,0.0,23.0,67.0
-52.74,47.62,ST JOHN'S A,8403506,2008-06-01,2008,6,14.4,6.5,10.4,24.2,0.2,129.2,0.0,129.2,0.0,1.0,65.0
-52.74,47.62,ST JOHN'S A,8403506,2008-07-01,2008,7,23.5,13.3,18.4,29.5,6.4,107.1,0.0,107.1,0.0,25.0,61.0
-52.74,47.62,ST JOHN'S A,8403506,2008-08-01,2008,8,19.5,12.5,16.0,25.6,7.4,123.3,0.0,123.3,0.0,29.0,89.0
-52.74,47.62,ST JOHN'S A,8403506,2008-09-01,2008,9,17.6,9.1,13.4,26.6,1.4,67.6,0.0,67.6,0.0,21.0,61.0
-52.74,47.62,ST JOHN'S A,8403506,2008-10-01,2008,10,11.7,5.0,8.4,18.8,0.0,134.2,0.0,134.2,0.0,3.0,83.0
-52.74,47.62,ST JOHN'S A,8403506,2008-11-01,2008,11,9.1,2.0,5.6,17.6,-4.4,239.4,2.0,241.4,0.0,18.0,80.0
-52.74,47.62,ST JOHN'S A,8403506,2008-12-01,2008,12,4.7,-4.6,0.0,17.3,-13.5,195.8,66.0,262.4,3.0,24.0,104.0
-52.74,47.62,ST JOHN'S A,8403506,2009-01-01,2009,1,-1.1,-7.8,-4.5,8.5,-14.0,20.6,84.2,84.4,20.0,26.0,95.0
-52.74,47.62,ST JOHN'S A,8403506,2009-02-01,2009,2,0.7,-5.8,-2.5,9.7,-12.5,46.9,93.7,124.0,28.0,3.0,80.0
-52.74,47.62,ST JOHN'S A,8403506,2009-03-01,2009,3,2.1,-5.2,-1.6,13.5,-13.7,88.4,63.2,146.6,8.0,27.0,82.0
-52.74,47.62,ST JOHN'S A,8403506,2009-04-01,2009,4,8.2,-0.8,3.7,17.9,-7.1,61.8,5.4,65.0,0.0,21.0,67.0
-52.74,47.62,ST JOHN'S A,8403506,2009-05-01,2009,5,13.9,3.2,8.6,23.1,-1.6,87.4,8.2,95.2,0.0,20.0,80.0
-52.74,47.62,ST JOHN'S A,8403506,2009-06-01,2009,6,16.9,7.3,12.1,26.4,1.5,60.6,0.0,60.6,0.0,18.0,65.0
-52.74,47.62,ST JOHN'S A,8403506,2009-07-01,2009,7,20.0,10.9,15.5,26.3,2.6,55.4,0.0,55.4,0.0,27.0,59.0
-52.74,47.62,ST JOHN'S A,8403506,2009-08-01,2009,8,21.1,12.5,16.8,25.8,7.3,168.4,0.0,168.4,0.0,16.0,80.0
-52.74,47.62,ST JOHN'S A,8403506,2009-09-01,2009,9,15.6,7.6,11.7,23.3,1.6,117.2,0.0,117.2,0.0,26.0,70.0
-52.74,47.62,ST JOHN'S A,8403506,2009-10-01,2009,10,8.4,3.2,5.8,20.7,-2.0,261.8,6.8,268.6,0.0,12.0,83.0
-52.74,47.62,ST JOHN'S A,8403506,2009-11-01,2009,11,8.2,0.7,4.5,17.1,-3.9,113.0,6.4,119.2,0.0,25.0,85.0
-52.74,47.62,ST JOHN'S A,8403506,2009-12-01,2009,12,1.4,-3.1,-0.9,15.1,-8.8,93.8,66.6,157.0,0.0,22.0,91.0
-52.74,47.62,ST JOHN'S A,8403506,2010-01-01,2010,1,-0.5,-5.5,-3.0,4.7,-13.9,82.4,50.6,122.0,10.0,28.0,80.0
-52.74,47.62,ST JOHN'S A,8403506,2010-02-01,2010,2,-0.7,-4.1,-2.4,2.3,-14.1,34.2,71.2,87.2,9.0,35.0,76.0
-52.74,47.62,ST JOHN'S A,8403506,2010-03-01,2010,3,2.6,-3.2,-0.3,10.4,-9.7,231.8,22.4,251.6,3.0,28.0,61.0
-52.74,47.62,ST JOHN'S A,8403506,2010-04-01,2010,4,7.2,0.4,3.8,17.3,-2.2,161.6,10.2,174.8,0.0,11.0,70.0
-52.74,47.62,ST JOHN'S A,8403506,2010-05-01,2010,5,9.2,1.9,5.6,16.9,-0.2,155.5,8.9,164.4,0.0,17.0,76.0
-52.74,47.62,ST JOHN'S A,8403506,2010-06-01,2010,6,15.5,6.0,10.8,24.0,0.8,122.1,0.0,122.1,0.0,31.0,76.0
-52.74,47.62,ST JOHN'S A,8403506,2010-07-01,2010,7,22.3,12.9,17.6,27.4,5.3,107.0,0.0,107.0,0.0,27.0,61.0
-52.74,47.62,ST JOHN'S A,8403506,2010-08-01,2010,8,19.3,12.3,15.8,26.2,6.9,68.6,0.0,68.6,0.0,16.0,59.0
-52.74,47.62,ST JOHN'S A,8403506,2010-09-01,2010,9,17.3,10.1,13.7,25.5,2.3,253.0,0.0,253.0,0.0,28.0,78.0
-52.74,47.62,ST JOHN'S A,8403506,2010-10-01,2010,10,12.0,5.5,8.8,23.1,1.4,142.5,0.3,142.8,0.0,25.0,78.0
-52.74,47.62,ST JOHN'S A,8403506,2010-11-01,2010,11,6.6,0.7,3.7,16.7,-4.8,78.2,11.0,85.2,2.0,35.0,78.0
-52.74,47.62,ST JOHN'S A,8403506,2010-12-01,2010,12,5.1,1.6,3.4,11.4,-7.0,318.5,8.8,326.9,1.0,8.0,91.0
-52.74,47.62,ST JOHN'S A,8403506,2011-01-01,2011,1,2.0,-3.7,-0.9,6.8,-11.2,118.9,98.1,202.8,9.0,26.0,93.0
-52.74,47.62,ST JOHN'S A,8403506,2011-02-01,2011,2,-1.5,-7.4,-4.5,4.6,-12.8,30.2,134.0,135.4,50.0,29.0,104.0
-52.74,47.62,ST JOHN'S A,8403506,2011-03-01,2011,3,1.3,-4.6,-1.7,9.5,-11.7,9.3,88.1,89.4,34.0,18.0,91.0
-52.74,47.62,ST JOHN'S A,8403506,2011-04-01,2011,4,6.8,-2.0,2.4,15.8,-8.5,55.0,31.8,86.0,0.0,24.0,95.0
-52.74,47.62,ST JOHN'S A,8403506,2011-05-01,2011,5,11.1,2.9,7.0,22.1,-2.1,78.8,0.0,78.8,0.0,25.0,61.0
-52.74,47.62,ST JOHN'S A,8403506,2011-06-01,2011,6,11.7,6.2,9.0,19.4,1.6,100.0,0.0,100.0,0.0,20.0,69.0
-52.74,47.62,ST JOHN'S A,8403506,2011-08-01,2011,8,18.5,11.2,14.9,26.6,5.8,100.4,0.0,100.4,0.0,23.0,70.0
-52.74,47.62,ST JOHN'S A,8403506,2011-10-01,2011,10,12.0,5.6,8.8,23.5,-0.9,250.4,3.0,253.4,0.0,29.0,96.0
-52.74,47.62,ST JOHN'S A,8403506,2011-11-01,2011,11,6.9,-0.3,3.3,15.6,-7.8,67.2,31.0,92.0,0.0,17.0,93.0
-52.74,47.62,ST JOHN'S A,8403506,2011-12-01,2011,12,2.0,-4.1,-1.1,14.6,-13.6,79.0,32.2,102.7,1.0,27.0,106.0
-52.74,47.62,ST JOHN'S A,8403506,2012-01-01,2012,1,1.6,-5.5,-2.0,9.5,-13.6,80.7,117.7,186.9,17.0,17.0,106.0
-52.74,47.62,ST JOHN'S A,8403506,2012-02-01,2012,2,-0.7,-6.6,-3.6,7.4,-14.0,152.7,55.1,193.5,2.0,32.0,132.0
-52.74,47.62,ST JOHN'S A,8403506,2012-03-01,2012,3,0.6,-5.9,-2.7,12.2,-13.1,26.4,34.8,57.0,,24.0,98.0
